/*
 Navicat Premium Data Transfer

 Source Server         : MySQL - dev - localhost
 Source Server Type    : MySQL
 Source Server Version : 50717
 Source Host           : localhost:3306
 Source Schema         : kpi

 Target Server Type    : MySQL
 Target Server Version : 50717
 File Encoding         : 65001

 Date: 25/05/2021 00:07:08
*/

SET NAMES utf8mb4;
SET FOREIGN_KEY_CHECKS = 0;

-- ----------------------------
-- Table structure for auth_group
-- ----------------------------
DROP TABLE IF EXISTS `auth_group`;
CREATE TABLE `auth_group` (
  `id` int(11) NOT NULL AUTO_INCREMENT,
  `name` varchar(150) NOT NULL,
  PRIMARY KEY (`id`),
  UNIQUE KEY `name` (`name`)
) ENGINE=InnoDB DEFAULT CHARSET=utf8;

-- ----------------------------
-- Records of auth_group
-- ----------------------------
BEGIN;
COMMIT;

-- ----------------------------
-- Table structure for auth_group_permissions
-- ----------------------------
DROP TABLE IF EXISTS `auth_group_permissions`;
CREATE TABLE `auth_group_permissions` (
  `id` int(11) NOT NULL AUTO_INCREMENT,
  `group_id` int(11) NOT NULL,
  `permission_id` int(11) NOT NULL,
  PRIMARY KEY (`id`),
  UNIQUE KEY `auth_group_permissions_group_id_permission_id_0cd325b0_uniq` (`group_id`,`permission_id`),
  KEY `auth_group_permissio_permission_id_84c5c92e_fk_auth_perm` (`permission_id`),
  CONSTRAINT `auth_group_permissio_permission_id_84c5c92e_fk_auth_perm` FOREIGN KEY (`permission_id`) REFERENCES `auth_permission` (`id`),
  CONSTRAINT `auth_group_permissions_group_id_b120cbf9_fk_auth_group_id` FOREIGN KEY (`group_id`) REFERENCES `auth_group` (`id`)
) ENGINE=InnoDB DEFAULT CHARSET=utf8;

-- ----------------------------
-- Records of auth_group_permissions
-- ----------------------------
BEGIN;
COMMIT;

-- ----------------------------
-- Table structure for auth_permission
-- ----------------------------
DROP TABLE IF EXISTS `auth_permission`;
CREATE TABLE `auth_permission` (
  `id` int(11) NOT NULL AUTO_INCREMENT,
  `name` varchar(255) NOT NULL,
  `content_type_id` int(11) NOT NULL,
  `codename` varchar(100) NOT NULL,
  PRIMARY KEY (`id`),
  UNIQUE KEY `auth_permission_content_type_id_codename_01ab375a_uniq` (`content_type_id`,`codename`),
  CONSTRAINT `auth_permission_content_type_id_2f476e4b_fk_django_co` FOREIGN KEY (`content_type_id`) REFERENCES `django_content_type` (`id`)
) ENGINE=InnoDB AUTO_INCREMENT=49 DEFAULT CHARSET=utf8;

-- ----------------------------
-- Records of auth_permission
-- ----------------------------
BEGIN;
INSERT INTO `auth_permission` VALUES (1, 'Can add log entry', 1, 'add_logentry');
INSERT INTO `auth_permission` VALUES (2, 'Can change log entry', 1, 'change_logentry');
INSERT INTO `auth_permission` VALUES (3, 'Can delete log entry', 1, 'delete_logentry');
INSERT INTO `auth_permission` VALUES (4, 'Can view log entry', 1, 'view_logentry');
INSERT INTO `auth_permission` VALUES (5, 'Can add permission', 2, 'add_permission');
INSERT INTO `auth_permission` VALUES (6, 'Can change permission', 2, 'change_permission');
INSERT INTO `auth_permission` VALUES (7, 'Can delete permission', 2, 'delete_permission');
INSERT INTO `auth_permission` VALUES (8, 'Can view permission', 2, 'view_permission');
INSERT INTO `auth_permission` VALUES (9, 'Can add group', 3, 'add_group');
INSERT INTO `auth_permission` VALUES (10, 'Can change group', 3, 'change_group');
INSERT INTO `auth_permission` VALUES (11, 'Can delete group', 3, 'delete_group');
INSERT INTO `auth_permission` VALUES (12, 'Can view group', 3, 'view_group');
INSERT INTO `auth_permission` VALUES (13, 'Can add user', 4, 'add_user');
INSERT INTO `auth_permission` VALUES (14, 'Can change user', 4, 'change_user');
INSERT INTO `auth_permission` VALUES (15, 'Can delete user', 4, 'delete_user');
INSERT INTO `auth_permission` VALUES (16, 'Can view user', 4, 'view_user');
INSERT INTO `auth_permission` VALUES (17, 'Can add content type', 5, 'add_contenttype');
INSERT INTO `auth_permission` VALUES (18, 'Can change content type', 5, 'change_contenttype');
INSERT INTO `auth_permission` VALUES (19, 'Can delete content type', 5, 'delete_contenttype');
INSERT INTO `auth_permission` VALUES (20, 'Can view content type', 5, 'view_contenttype');
INSERT INTO `auth_permission` VALUES (21, 'Can add session', 6, 'add_session');
INSERT INTO `auth_permission` VALUES (22, 'Can change session', 6, 'change_session');
INSERT INTO `auth_permission` VALUES (23, 'Can delete session', 6, 'delete_session');
INSERT INTO `auth_permission` VALUES (24, 'Can view session', 6, 'view_session');
INSERT INTO `auth_permission` VALUES (25, 'Can add tgt', 7, 'add_tgt');
INSERT INTO `auth_permission` VALUES (26, 'Can change tgt', 7, 'change_tgt');
INSERT INTO `auth_permission` VALUES (27, 'Can delete tgt', 7, 'delete_tgt');
INSERT INTO `auth_permission` VALUES (28, 'Can view tgt', 7, 'view_tgt');
INSERT INTO `auth_permission` VALUES (29, 'Can add pgt iou', 8, 'add_pgtiou');
INSERT INTO `auth_permission` VALUES (30, 'Can change pgt iou', 8, 'change_pgtiou');
INSERT INTO `auth_permission` VALUES (31, 'Can delete pgt iou', 8, 'delete_pgtiou');
INSERT INTO `auth_permission` VALUES (32, 'Can view pgt iou', 8, 'view_pgtiou');
INSERT INTO `auth_permission` VALUES (33, 'Can add sys user', 9, 'add_sysuser');
INSERT INTO `auth_permission` VALUES (34, 'Can change sys user', 9, 'change_sysuser');
INSERT INTO `auth_permission` VALUES (35, 'Can delete sys user', 9, 'delete_sysuser');
INSERT INTO `auth_permission` VALUES (36, 'Can view sys user', 9, 'view_sysuser');
INSERT INTO `auth_permission` VALUES (37, 'Can add role', 10, 'add_role');
INSERT INTO `auth_permission` VALUES (38, 'Can change role', 10, 'change_role');
INSERT INTO `auth_permission` VALUES (39, 'Can delete role', 10, 'delete_role');
INSERT INTO `auth_permission` VALUES (40, 'Can view role', 10, 'view_role');
INSERT INTO `auth_permission` VALUES (41, 'Can add usertype', 11, 'add_usertype');
INSERT INTO `auth_permission` VALUES (42, 'Can change usertype', 11, 'change_usertype');
INSERT INTO `auth_permission` VALUES (43, 'Can delete usertype', 11, 'delete_usertype');
INSERT INTO `auth_permission` VALUES (44, 'Can view usertype', 11, 'view_usertype');
INSERT INTO `auth_permission` VALUES (45, 'Can add menu', 12, 'add_menu');
INSERT INTO `auth_permission` VALUES (46, 'Can change menu', 12, 'change_menu');
INSERT INTO `auth_permission` VALUES (47, 'Can delete menu', 12, 'delete_menu');
INSERT INTO `auth_permission` VALUES (48, 'Can view menu', 12, 'view_menu');
COMMIT;

-- ----------------------------
-- Table structure for auth_user
-- ----------------------------
DROP TABLE IF EXISTS `auth_user`;
CREATE TABLE `auth_user` (
  `id` int(11) NOT NULL AUTO_INCREMENT,
  `password` varchar(128) NOT NULL,
  `last_login` datetime(6) DEFAULT NULL,
  `is_superuser` tinyint(1) NOT NULL,
  `username` varchar(150) NOT NULL,
  `first_name` varchar(150) NOT NULL,
  `last_name` varchar(150) NOT NULL,
  `email` varchar(254) NOT NULL,
  `is_staff` tinyint(1) NOT NULL,
  `is_active` tinyint(1) NOT NULL,
  `date_joined` datetime(6) NOT NULL,
  PRIMARY KEY (`id`),
  UNIQUE KEY `username` (`username`)
) ENGINE=InnoDB AUTO_INCREMENT=2 DEFAULT CHARSET=utf8;

-- ----------------------------
-- Records of auth_user
-- ----------------------------
BEGIN;
INSERT INTO `auth_user` VALUES (1, 'pbkdf2_sha256$260000$wh6XRnJQ0nauYs8cOLnB0h$mzfCMjHKR6kpAL7cUVOxunRqQO8niLFXvQMz3Zr1Rgk=', '2021-04-07 21:52:05.015143', 0, 'why', '', '', '', 0, 1, '2021-02-06 21:48:07.200536');
COMMIT;

-- ----------------------------
-- Table structure for auth_user_groups
-- ----------------------------
DROP TABLE IF EXISTS `auth_user_groups`;
CREATE TABLE `auth_user_groups` (
  `id` int(11) NOT NULL AUTO_INCREMENT,
  `user_id` int(11) NOT NULL,
  `group_id` int(11) NOT NULL,
  PRIMARY KEY (`id`),
  UNIQUE KEY `auth_user_groups_user_id_group_id_94350c0c_uniq` (`user_id`,`group_id`),
  KEY `auth_user_groups_group_id_97559544_fk_auth_group_id` (`group_id`),
  CONSTRAINT `auth_user_groups_group_id_97559544_fk_auth_group_id` FOREIGN KEY (`group_id`) REFERENCES `auth_group` (`id`),
  CONSTRAINT `auth_user_groups_user_id_6a12ed8b_fk_auth_user_id` FOREIGN KEY (`user_id`) REFERENCES `auth_user` (`id`)
) ENGINE=InnoDB DEFAULT CHARSET=utf8;

-- ----------------------------
-- Records of auth_user_groups
-- ----------------------------
BEGIN;
COMMIT;

-- ----------------------------
-- Table structure for auth_user_user_permissions
-- ----------------------------
DROP TABLE IF EXISTS `auth_user_user_permissions`;
CREATE TABLE `auth_user_user_permissions` (
  `id` int(11) NOT NULL AUTO_INCREMENT,
  `user_id` int(11) NOT NULL,
  `permission_id` int(11) NOT NULL,
  PRIMARY KEY (`id`),
  UNIQUE KEY `auth_user_user_permissions_user_id_permission_id_14a6b632_uniq` (`user_id`,`permission_id`),
  KEY `auth_user_user_permi_permission_id_1fbb5f2c_fk_auth_perm` (`permission_id`),
  CONSTRAINT `auth_user_user_permi_permission_id_1fbb5f2c_fk_auth_perm` FOREIGN KEY (`permission_id`) REFERENCES `auth_permission` (`id`),
  CONSTRAINT `auth_user_user_permissions_user_id_a95ead1b_fk_auth_user_id` FOREIGN KEY (`user_id`) REFERENCES `auth_user` (`id`)
) ENGINE=InnoDB DEFAULT CHARSET=utf8;

-- ----------------------------
-- Records of auth_user_user_permissions
-- ----------------------------
BEGIN;
COMMIT;

-- ----------------------------
-- Table structure for dc_bjsjxx
-- ----------------------------
DROP TABLE IF EXISTS `dc_bjsjxx`;
CREATE TABLE `dc_bjsjxx` (
  `id` int(11) NOT NULL AUTO_INCREMENT,
  `stamp` timestamp(6) NOT NULL DEFAULT CURRENT_TIMESTAMP(6) ON UPDATE CURRENT_TIMESTAMP(6),
  `note` varchar(1024) DEFAULT NULL,
  `BH` varchar(16) DEFAULT NULL,
  `BJ` varchar(16) DEFAULT NULL,
  `JBNY` datetime DEFAULT NULL,
  `RXNF` datetime DEFAULT NULL,
  `FDYH` varchar(16) DEFAULT NULL,
  `BDS` varchar(16) DEFAULT NULL,
  `SSXY` varchar(16) DEFAULT NULL,
  `SSZY` varchar(16) DEFAULT NULL,
  `XSLB` varchar(16) DEFAULT NULL,
  `QYBZ` varchar(16) DEFAULT NULL,
  PRIMARY KEY (`id`)
) ENGINE=InnoDB DEFAULT CHARSET=utf8;

-- ----------------------------
-- Records of dc_bjsjxx
-- ----------------------------
BEGIN;
COMMIT;

-- ----------------------------
-- Table structure for dc_bks_jpkc
-- ----------------------------
DROP TABLE IF EXISTS `dc_bks_jpkc`;
CREATE TABLE `dc_bks_jpkc` (
  `id` int(11) NOT NULL AUTO_INCREMENT,
  `KCH` varchar(16) DEFAULT NULL,
  `KCMC` varchar(16) DEFAULT NULL,
  `KCJBM` varchar(16) DEFAULT NULL,
  `FZRGH` varchar(16) DEFAULT NULL,
  `FZRXM` varchar(16) DEFAULT NULL,
  `DWH` varchar(16) DEFAULT NULL,
  `stamp` timestamp(6) NOT NULL DEFAULT CURRENT_TIMESTAMP(6) ON UPDATE CURRENT_TIMESTAMP(6),
  `note` varchar(1024) DEFAULT NULL,
  PRIMARY KEY (`id`),
  UNIQUE KEY `KCH` (`KCH`)
) ENGINE=InnoDB DEFAULT CHARSET=utf8;

-- ----------------------------
-- Records of dc_bks_jpkc
-- ----------------------------
BEGIN;
COMMIT;

-- ----------------------------
-- Table structure for dc_bzxx
-- ----------------------------
DROP TABLE IF EXISTS `dc_bzxx`;
CREATE TABLE `dc_bzxx` (
  `id` int(11) NOT NULL AUTO_INCREMENT,
  `BZZH` varchar(16) DEFAULT NULL,
  `BZZXM` varchar(16) DEFAULT NULL,
  `BZZJSM` varchar(16) DEFAULT NULL,
  `BZZDW` varchar(16) DEFAULT NULL,
  `DWH` varchar(16) DEFAULT NULL,
  `GXL` float DEFAULT NULL,
  `JCBH` varchar(16) DEFAULT NULL,
  `stamp` timestamp(6) NOT NULL DEFAULT CURRENT_TIMESTAMP(6) ON UPDATE CURRENT_TIMESTAMP(6),
  `note` varchar(1024) DEFAULT NULL,
  PRIMARY KEY (`id`)
) ENGINE=InnoDB DEFAULT CHARSET=utf8;

-- ----------------------------
-- Records of dc_bzxx
-- ----------------------------
BEGIN;
COMMIT;

-- ----------------------------
-- Table structure for dc_dxskjxmjbsjxx
-- ----------------------------
DROP TABLE IF EXISTS `dc_dxskjxmjbsjxx`;
CREATE TABLE `dc_dxskjxmjbsjxx` (
  `id` int(11) NOT NULL AUTO_INCREMENT,
  `XMBH` varchar(16) DEFAULT NULL,
  `XMMC` varchar(16) DEFAULT NULL,
  `XMZC` varchar(16) DEFAULT NULL,
  `DWH` varchar(16) DEFAULT NULL,
  `DWMC` varchar(16) DEFAULT NULL,
  `FZRYH` varchar(16) DEFAULT NULL,
  `FZRXM` varchar(16) DEFAULT NULL,
  `XMJBM` varchar(16) DEFAULT NULL,
  `ND` varchar(16) DEFAULT NULL,
  `GJJF` varchar(16) DEFAULT NULL,
  `XXJF` varchar(16) DEFAULT NULL,
  `BYXJF` varchar(16) DEFAULT NULL,
  `DSJF` varchar(16) DEFAULT NULL,
  `QTJF` varchar(16) DEFAULT NULL,
  `XMRQ` datetime DEFAULT NULL,
  `stamp` timestamp(6) NOT NULL DEFAULT CURRENT_TIMESTAMP(6) ON UPDATE CURRENT_TIMESTAMP(6),
  `note` varchar(1024) DEFAULT NULL,
  PRIMARY KEY (`id`),
  UNIQUE KEY `_kh_khpc_dwh_khnf_uc` (`XMBH`)
) ENGINE=InnoDB DEFAULT CHARSET=utf8;

-- ----------------------------
-- Records of dc_dxskjxmjbsjxx
-- ----------------------------
BEGIN;
COMMIT;

-- ----------------------------
-- Table structure for dc_hjcgjbsjxx
-- ----------------------------
DROP TABLE IF EXISTS `dc_hjcgjbsjxx`;
CREATE TABLE `dc_hjcgjbsjxx` (
  `id` int(11) NOT NULL AUTO_INCREMENT,
  `HJCGBH` varchar(16) DEFAULT NULL,
  `HJCGMC` varchar(16) DEFAULT NULL,
  `XMLYM` varchar(16) DEFAULT NULL,
  `DWH` varchar(16) DEFAULT NULL,
  `HJRQ` datetime DEFAULT NULL,
  `CGHJLBM` varchar(16) DEFAULT NULL,
  `KJJLB` varchar(16) DEFAULT NULL,
  `JLDJM` varchar(16) DEFAULT NULL,
  `HJJBM` varchar(16) DEFAULT NULL,
  `XKLYM` varchar(16) DEFAULT NULL,
  `BJDW` varchar(16) DEFAULT NULL,
  `SSXMBH` varchar(16) DEFAULT NULL,
  `DWPM` varchar(16) DEFAULT NULL,
  `XKMLKJM` varchar(16) DEFAULT NULL,
  `FZRYH` varchar(16) DEFAULT NULL,
  `FZRXM` varchar(16) DEFAULT NULL,
  `YJXK` varchar(16) DEFAULT NULL,
  `DWMC` varchar(16) DEFAULT NULL,
  `YJSMC` varchar(16) DEFAULT NULL,
  `CGXS` varchar(16) DEFAULT NULL,
  `HJMC` varchar(16) DEFAULT NULL,
  `HJBH` varchar(16) DEFAULT NULL,
  `stamp` timestamp(6) NOT NULL DEFAULT CURRENT_TIMESTAMP(6) ON UPDATE CURRENT_TIMESTAMP(6),
  `note` varchar(1024) DEFAULT NULL,
  PRIMARY KEY (`id`),
  UNIQUE KEY `HJCGBH` (`HJCGBH`)
) ENGINE=InnoDB DEFAULT CHARSET=utf8;

-- ----------------------------
-- Records of dc_hjcgjbsjxx
-- ----------------------------
BEGIN;
COMMIT;

-- ----------------------------
-- Table structure for dc_hjjcxx
-- ----------------------------
DROP TABLE IF EXISTS `dc_hjjcxx`;
CREATE TABLE `dc_hjjcxx` (
  `id` int(11) NOT NULL AUTO_INCREMENT,
  `HJJCBH` varchar(16) DEFAULT NULL,
  `HJXM` varchar(16) DEFAULT NULL,
  `HJJC` varchar(16) DEFAULT NULL,
  `HJRQ` datetime DEFAULT NULL,
  `HJMC` varchar(16) DEFAULT NULL,
  `JLJBM` varchar(16) DEFAULT NULL,
  `JLDJM` varchar(16) DEFAULT NULL,
  `BJDW` varchar(16) DEFAULT NULL,
  `stamp` timestamp(6) NOT NULL DEFAULT CURRENT_TIMESTAMP(6) ON UPDATE CURRENT_TIMESTAMP(6),
  `note` varchar(1024) DEFAULT NULL,
  PRIMARY KEY (`id`)
) ENGINE=InnoDB DEFAULT CHARSET=utf8;

-- ----------------------------
-- Records of dc_hjjcxx
-- ----------------------------
BEGIN;
COMMIT;

-- ----------------------------
-- Table structure for dc_jcjbsjxx
-- ----------------------------
DROP TABLE IF EXISTS `dc_jcjbsjxx`;
CREATE TABLE `dc_jcjbsjxx` (
  `id` int(11) NOT NULL AUTO_INCREMENT,
  `DYZBXM` varchar(16) DEFAULT NULL,
  `DYZBH` varchar(16) DEFAULT NULL,
  `CBH` varchar(16) DEFAULT NULL,
  `JCMC` varchar(16) DEFAULT NULL,
  `BC` varchar(16) DEFAULT NULL,
  `DWH` varchar(16) DEFAULT NULL,
  `DWMC` varchar(16) DEFAULT NULL,
  `CBS` varchar(16) DEFAULT NULL,
  `BZZZS` varchar(16) DEFAULT NULL,
  `CBRQ` datetime DEFAULT NULL,
  `JCBH` varchar(16) DEFAULT NULL,
  `JCLB` varchar(16) DEFAULT NULL,
  `JCZS` float DEFAULT NULL,
  `stamp` timestamp(6) NOT NULL DEFAULT CURRENT_TIMESTAMP(6) ON UPDATE CURRENT_TIMESTAMP(6),
  `note` varchar(1024) DEFAULT NULL,
  PRIMARY KEY (`id`)
) ENGINE=InnoDB DEFAULT CHARSET=utf8;

-- ----------------------------
-- Records of dc_jcjbsjxx
-- ----------------------------
BEGIN;
COMMIT;

-- ----------------------------
-- Table structure for dc_jgxmxx
-- ----------------------------
DROP TABLE IF EXISTS `dc_jgxmxx`;
CREATE TABLE `dc_jgxmxx` (
  `id` int(11) NOT NULL AUTO_INCREMENT,
  `DWH` varchar(16) DEFAULT NULL,
  `JZGH` varchar(16) DEFAULT NULL,
  `JZGXM` varchar(16) DEFAULT NULL,
  `GXL` float DEFAULT NULL,
  `ND` varchar(16) DEFAULT NULL,
  `XMXH` varchar(16) DEFAULT NULL,
  `XMBH` varchar(16) DEFAULT NULL,
  `XMMC` varchar(16) DEFAULT NULL,
  `XMFZRH` varchar(16) DEFAULT NULL,
  `XM` varchar(16) DEFAULT NULL,
  `LXRQ` datetime DEFAULT NULL,
  `PZJF` varchar(16) DEFAULT NULL,
  `XMJBM` varchar(16) DEFAULT NULL,
  `JSLXM` varchar(16) DEFAULT NULL,
  `SJLYM` varchar(16) DEFAULT NULL,
  `XMJB` varchar(16) DEFAULT NULL,
  `CYRC` varchar(16) DEFAULT NULL,
  `stamp` timestamp(6) NOT NULL DEFAULT CURRENT_TIMESTAMP(6) ON UPDATE CURRENT_TIMESTAMP(6),
  `note` varchar(1024) DEFAULT NULL,
  PRIMARY KEY (`id`)
) ENGINE=InnoDB DEFAULT CHARSET=utf8;

-- ----------------------------
-- Records of dc_jgxmxx
-- ----------------------------
BEGIN;
COMMIT;

-- ----------------------------
-- Table structure for dc_jxcgjlsb
-- ----------------------------
DROP TABLE IF EXISTS `dc_jxcgjlsb`;
CREATE TABLE `dc_jxcgjlsb` (
  `id` int(11) NOT NULL AUTO_INCREMENT,
  `SBRH` varchar(16) DEFAULT NULL,
  `JXCGBH` varchar(16) DEFAULT NULL,
  `JXCGLB` varchar(16) DEFAULT NULL,
  `stamp` timestamp(6) NOT NULL DEFAULT CURRENT_TIMESTAMP(6) ON UPDATE CURRENT_TIMESTAMP(6),
  `note` varchar(1024) DEFAULT NULL,
  PRIMARY KEY (`id`)
) ENGINE=InnoDB DEFAULT CHARSET=utf8;

-- ----------------------------
-- Records of dc_jxcgjlsb
-- ----------------------------
BEGIN;
COMMIT;

-- ----------------------------
-- Table structure for dc_jxcgwcrxx
-- ----------------------------
DROP TABLE IF EXISTS `dc_jxcgwcrxx`;
CREATE TABLE `dc_jxcgwcrxx` (
  `id` int(11) NOT NULL AUTO_INCREMENT,
  `WCRH` varchar(16) DEFAULT NULL,
  `WCRXM` varchar(16) DEFAULT NULL,
  `WCRJSM` varchar(16) DEFAULT NULL,
  `WCDW` varchar(16) DEFAULT NULL,
  `DWH` varchar(16) DEFAULT NULL,
  `JLJBM` varchar(16) DEFAULT NULL,
  `JLDJM` varchar(16) DEFAULT NULL,
  `JLLBM` varchar(16) DEFAULT NULL,
  `GXL` float DEFAULT NULL,
  `BJRQ` varchar(16) DEFAULT NULL,
  `JXCGBH` varchar(16) DEFAULT NULL,
  `stamp` timestamp(6) NOT NULL DEFAULT CURRENT_TIMESTAMP(6) ON UPDATE CURRENT_TIMESTAMP(6),
  `note` varchar(1024) DEFAULT NULL,
  PRIMARY KEY (`id`),
  UNIQUE KEY `_kh_khpc_dwh_khnf_uc` (`JXCGBH`,`WCRH`)
) ENGINE=InnoDB DEFAULT CHARSET=utf8;

-- ----------------------------
-- Records of dc_jxcgwcrxx
-- ----------------------------
BEGIN;
COMMIT;

-- ----------------------------
-- Table structure for dc_jxhjxx
-- ----------------------------
DROP TABLE IF EXISTS `dc_jxhjxx`;
CREATE TABLE `dc_jxhjxx` (
  `id` int(11) NOT NULL AUTO_INCREMENT,
  `JXCGBH` varchar(16) DEFAULT NULL,
  `JXCGMC` varchar(16) DEFAULT NULL,
  `HJMC` varchar(16) DEFAULT NULL,
  `JLJBM` varchar(16) DEFAULT NULL,
  `JLDJM` varchar(16) DEFAULT NULL,
  `JLLBM` varchar(16) DEFAULT NULL,
  `BJDW` varchar(16) DEFAULT NULL,
  `DWH` varchar(16) DEFAULT NULL,
  `BJNF` varchar(16) DEFAULT NULL,
  `BJRQ` varchar(16) DEFAULT NULL,
  `FZRYH` varchar(16) DEFAULT NULL,
  `FZRXM` varchar(16) DEFAULT NULL,
  `ZYWCR` varchar(16) DEFAULT NULL,
  `WCRZS` varchar(16) DEFAULT NULL,
  `stamp` timestamp(6) NOT NULL DEFAULT CURRENT_TIMESTAMP(6) ON UPDATE CURRENT_TIMESTAMP(6),
  `note` varchar(1024) DEFAULT NULL,
  PRIMARY KEY (`id`),
  UNIQUE KEY `_kh_khpc_dwh_khnf_uc` (`JXCGBH`,`JXCGMC`)
) ENGINE=InnoDB DEFAULT CHARSET=utf8;

-- ----------------------------
-- Records of dc_jxhjxx
-- ----------------------------
BEGIN;
COMMIT;

-- ----------------------------
-- Table structure for dc_jzgjcsjxx
-- ----------------------------
DROP TABLE IF EXISTS `dc_jzgjcsjxx`;
CREATE TABLE `dc_jzgjcsjxx` (
  `id` int(11) NOT NULL AUTO_INCREMENT,
  `JZGH` varchar(16) DEFAULT NULL,
  `DWH` varchar(16) DEFAULT NULL,
  `XM` varchar(16) DEFAULT NULL,
  `YWXM` varchar(16) DEFAULT NULL,
  `XMPY` varchar(16) DEFAULT NULL,
  `CYM` varchar(16) DEFAULT NULL,
  `XBM` varchar(16) DEFAULT NULL,
  `CSRQ` datetime DEFAULT NULL,
  `CSDM` varchar(16) DEFAULT NULL,
  `BZLBM` varchar(16) DEFAULT NULL,
  `JZGLBM` varchar(16) DEFAULT NULL,
  `DQZTM` varchar(16) DEFAULT NULL,
  `stamp` timestamp(6) NOT NULL DEFAULT CURRENT_TIMESTAMP(6) ON UPDATE CURRENT_TIMESTAMP(6),
  `note` varchar(1024) DEFAULT NULL,
  PRIMARY KEY (`id`),
  UNIQUE KEY `JZGH` (`JZGH`)
) ENGINE=InnoDB DEFAULT CHARSET=utf8;

-- ----------------------------
-- Records of dc_jzgjcsjxx
-- ----------------------------
BEGIN;
COMMIT;

-- ----------------------------
-- Table structure for dc_kcsjsjxx
-- ----------------------------
DROP TABLE IF EXISTS `dc_kcsjsjxx`;
CREATE TABLE `dc_kcsjsjxx` (
  `id` int(11) NOT NULL AUTO_INCREMENT,
  `JSGH` varchar(16) DEFAULT NULL,
  `KCH` varchar(16) DEFAULT NULL,
  `JSXM` varchar(16) DEFAULT NULL,
  `KKXND` varchar(16) DEFAULT NULL,
  `SKBJH` varchar(16) DEFAULT NULL,
  `KKXQM` datetime DEFAULT NULL,
  `ZXXS` varchar(16) DEFAULT NULL,
  `ZLXS` varchar(16) DEFAULT NULL,
  `SXZS` float DEFAULT NULL,
  `HBS` float DEFAULT NULL,
  `stamp` timestamp(6) NOT NULL DEFAULT CURRENT_TIMESTAMP(6) ON UPDATE CURRENT_TIMESTAMP(6),
  `note` varchar(1024) DEFAULT NULL,
  PRIMARY KEY (`id`),
  UNIQUE KEY `_dc_kcsjsjxx_jsgh_kch_kkxnd_kkxqm_skbjh_uc` (`JSGH`,`KCH`,`KKXND`,`KKXQM`)
) ENGINE=InnoDB DEFAULT CHARSET=utf8;

-- ----------------------------
-- Records of dc_kcsjsjxx
-- ----------------------------
BEGIN;
COMMIT;

-- ----------------------------
-- Table structure for dc_kcsjxx
-- ----------------------------
DROP TABLE IF EXISTS `dc_kcsjxx`;
CREATE TABLE `dc_kcsjxx` (
  `id` int(11) NOT NULL AUTO_INCREMENT,
  `JZGH` varchar(16) DEFAULT NULL,
  `KCH` varchar(16) DEFAULT NULL,
  `KCMC` varchar(16) DEFAULT NULL,
  `ZXS` varchar(16) DEFAULT NULL,
  `LLXS` float DEFAULT NULL,
  `SYXS` float DEFAULT NULL,
  `SJXS` varchar(16) DEFAULT NULL,
  `stamp` timestamp(6) NOT NULL DEFAULT CURRENT_TIMESTAMP(6) ON UPDATE CURRENT_TIMESTAMP(6),
  `note` varchar(1024) DEFAULT NULL,
  PRIMARY KEY (`id`),
  UNIQUE KEY `KCH` (`KCH`)
) ENGINE=InnoDB DEFAULT CHARSET=utf8;

-- ----------------------------
-- Records of dc_kcsjxx
-- ----------------------------
BEGIN;
COMMIT;

-- ----------------------------
-- Table structure for dc_kjcgryxx_jl
-- ----------------------------
DROP TABLE IF EXISTS `dc_kjcgryxx_jl`;
CREATE TABLE `dc_kjcgryxx_jl` (
  `id` int(11) NOT NULL AUTO_INCREMENT,
  `RYH` varchar(16) DEFAULT NULL,
  `JSM` varchar(16) DEFAULT NULL,
  `ZXZS` varchar(16) DEFAULT NULL,
  `PMZRS` varchar(16) DEFAULT NULL,
  `GXL` float DEFAULT NULL,
  `XM` varchar(16) DEFAULT NULL,
  `SZDW` varchar(16) DEFAULT NULL,
  `RYLX` varchar(16) DEFAULT NULL,
  `HJCGBH` varchar(16) DEFAULT NULL,
  `KJCGRYBH` varchar(16) DEFAULT NULL,
  `stamp` timestamp(6) NOT NULL DEFAULT CURRENT_TIMESTAMP(6) ON UPDATE CURRENT_TIMESTAMP(6),
  `note` varchar(1024) DEFAULT NULL,
  PRIMARY KEY (`id`),
  UNIQUE KEY `_dc_kjcgryxx_jl_ryh_hjcgbh_uc` (`RYH`,`HJCGBH`)
) ENGINE=InnoDB DEFAULT CHARSET=utf8;

-- ----------------------------
-- Records of dc_kjcgryxx_jl
-- ----------------------------
BEGIN;
COMMIT;

-- ----------------------------
-- Table structure for dc_kjcgryxx_lw
-- ----------------------------
DROP TABLE IF EXISTS `dc_kjcgryxx_lw`;
CREATE TABLE `dc_kjcgryxx_lw` (
  `id` int(11) NOT NULL AUTO_INCREMENT,
  `RYH` varchar(16) DEFAULT NULL,
  `JSM` varchar(16) DEFAULT NULL,
  `ZXZS` varchar(16) DEFAULT NULL,
  `PMZRS` varchar(16) DEFAULT NULL,
  `GXL` float DEFAULT NULL,
  `XM` varchar(16) DEFAULT NULL,
  `SZDW` varchar(16) DEFAULT NULL,
  `RYLX` varchar(16) DEFAULT NULL,
  `LWBH` varchar(16) DEFAULT NULL,
  `KJCGRYBH` varchar(16) DEFAULT NULL,
  `stamp` timestamp(6) NOT NULL DEFAULT CURRENT_TIMESTAMP(6) ON UPDATE CURRENT_TIMESTAMP(6),
  `note` varchar(1024) DEFAULT NULL,
  PRIMARY KEY (`id`)
) ENGINE=InnoDB DEFAULT CHARSET=utf8;

-- ----------------------------
-- Records of dc_kjcgryxx_lw
-- ----------------------------
BEGIN;
COMMIT;

-- ----------------------------
-- Table structure for dc_kjcgryxx_zl
-- ----------------------------
DROP TABLE IF EXISTS `dc_kjcgryxx_zl`;
CREATE TABLE `dc_kjcgryxx_zl` (
  `id` int(11) NOT NULL AUTO_INCREMENT,
  `RYH` varchar(16) DEFAULT NULL,
  `JSM` varchar(16) DEFAULT NULL,
  `ZXZS` varchar(16) DEFAULT NULL,
  `PMZRS` varchar(16) DEFAULT NULL,
  `GXL` float DEFAULT NULL,
  `XM` varchar(16) DEFAULT NULL,
  `SZDW` varchar(16) DEFAULT NULL,
  `RYLX` varchar(16) DEFAULT NULL,
  `ZLCGBH` varchar(16) DEFAULT NULL,
  `KJCGRYBH` varchar(16) DEFAULT NULL,
  `SMSX` varchar(16) DEFAULT NULL,
  `stamp` timestamp(6) NOT NULL DEFAULT CURRENT_TIMESTAMP(6) ON UPDATE CURRENT_TIMESTAMP(6),
  `note` varchar(1024) DEFAULT NULL,
  PRIMARY KEY (`id`)
) ENGINE=InnoDB DEFAULT CHARSET=utf8;

-- ----------------------------
-- Records of dc_kjcgryxx_zl
-- ----------------------------
BEGIN;
COMMIT;

-- ----------------------------
-- Table structure for dc_kjcgryxx_zz
-- ----------------------------
DROP TABLE IF EXISTS `dc_kjcgryxx_zz`;
CREATE TABLE `dc_kjcgryxx_zz` (
  `id` int(11) NOT NULL AUTO_INCREMENT,
  `RYH` varchar(16) DEFAULT NULL,
  `JSM` varchar(16) DEFAULT NULL,
  `ZXZS` int(11) DEFAULT NULL,
  `PMZRS` varchar(16) DEFAULT NULL,
  `GXL` varchar(16) DEFAULT NULL,
  `XM` varchar(16) DEFAULT NULL,
  `DWH` varchar(16) DEFAULT NULL,
  `SZDW` varchar(16) DEFAULT NULL,
  `ZZBH` int(11) DEFAULT NULL,
  `KJCGRYBH` varchar(16) DEFAULT NULL,
  `SMSX` int(11) DEFAULT NULL,
  `stamp` timestamp(6) NOT NULL DEFAULT CURRENT_TIMESTAMP(6) ON UPDATE CURRENT_TIMESTAMP(6),
  `note` varchar(1024) DEFAULT NULL,
  PRIMARY KEY (`id`)
) ENGINE=InnoDB DEFAULT CHARSET=utf8;

-- ----------------------------
-- Records of dc_kjcgryxx_zz
-- ----------------------------
BEGIN;
COMMIT;

-- ----------------------------
-- Table structure for dc_kjlwfbxx
-- ----------------------------
DROP TABLE IF EXISTS `dc_kjlwfbxx`;
CREATE TABLE `dc_kjlwfbxx` (
  `id` int(11) NOT NULL AUTO_INCREMENT,
  `KWMC` varchar(16) DEFAULT NULL,
  `LWBH` varchar(16) DEFAULT NULL,
  `FBRQ` datetime DEFAULT NULL,
  `JH` varchar(16) DEFAULT NULL,
  `QH` varchar(16) DEFAULT NULL,
  `LRSJ` datetime DEFAULT NULL,
  `stamp` timestamp(6) NOT NULL DEFAULT CURRENT_TIMESTAMP(6) ON UPDATE CURRENT_TIMESTAMP(6),
  `note` varchar(1024) DEFAULT NULL,
  PRIMARY KEY (`id`)
) ENGINE=InnoDB DEFAULT CHARSET=utf8;

-- ----------------------------
-- Records of dc_kjlwfbxx
-- ----------------------------
BEGIN;
COMMIT;

-- ----------------------------
-- Table structure for dc_kjlwslqk
-- ----------------------------
DROP TABLE IF EXISTS `dc_kjlwslqk`;
CREATE TABLE `dc_kjlwslqk` (
  `id` int(11) NOT NULL AUTO_INCREMENT,
  `LWBH` varchar(16) DEFAULT NULL,
  `SLLX` varchar(16) DEFAULT NULL,
  `SLBH` varchar(16) DEFAULT NULL,
  `SLSJ` varchar(16) DEFAULT NULL,
  `SLQH` varchar(16) DEFAULT NULL,
  `stamp` timestamp(6) NOT NULL DEFAULT CURRENT_TIMESTAMP(6) ON UPDATE CURRENT_TIMESTAMP(6),
  `note` varchar(1024) DEFAULT NULL,
  PRIMARY KEY (`id`)
) ENGINE=InnoDB DEFAULT CHARSET=utf8;

-- ----------------------------
-- Records of dc_kjlwslqk
-- ----------------------------
BEGIN;
COMMIT;

-- ----------------------------
-- Table structure for dc_kjqklwjbsjxx
-- ----------------------------
DROP TABLE IF EXISTS `dc_kjqklwjbsjxx`;
CREATE TABLE `dc_kjqklwjbsjxx` (
  `id` int(11) NOT NULL AUTO_INCREMENT,
  `LWBH` varchar(16) DEFAULT NULL,
  `LWMC` varchar(128) DEFAULT NULL,
  `DWH` varchar(16) DEFAULT NULL,
  `LWLXM` varchar(16) DEFAULT NULL,
  `LZLBM` varchar(16) DEFAULT NULL,
  `XKLYM` varchar(16) DEFAULT NULL,
  `XKMLKJM` varchar(16) DEFAULT NULL,
  `XMLYM` varchar(16) DEFAULT NULL,
  `ZGYZM` varchar(16) DEFAULT NULL,
  `YZM` varchar(16) DEFAULT NULL,
  `SSXMBH` varchar(16) DEFAULT NULL,
  `SSJSLY` varchar(16) DEFAULT NULL,
  `LZSLQKM` varchar(16) DEFAULT NULL,
  `QTSLQK` varchar(16) DEFAULT NULL,
  `DYZZ` varchar(16) DEFAULT NULL,
  `DYZZBH` varchar(16) DEFAULT NULL,
  `XXSM` varchar(16) DEFAULT NULL,
  `YJXK` varchar(16) DEFAULT NULL,
  `CYRY` varchar(128) DEFAULT NULL,
  `TXZZ` varchar(16) DEFAULT NULL,
  `JSQK` varchar(128) DEFAULT NULL,
  `JQY` varchar(128) DEFAULT NULL,
  `WDWZZPX` varchar(16) DEFAULT NULL,
  `BZXYBJZDSYS` varchar(16) DEFAULT NULL,
  `stamp` timestamp(6) NOT NULL DEFAULT CURRENT_TIMESTAMP(6) ON UPDATE CURRENT_TIMESTAMP(6),
  `note` varchar(1024) DEFAULT NULL,
  PRIMARY KEY (`id`)
) ENGINE=InnoDB DEFAULT CHARSET=utf8;

-- ----------------------------
-- Records of dc_kjqklwjbsjxx
-- ----------------------------
BEGIN;
COMMIT;

-- ----------------------------
-- Table structure for dc_kjzzxx
-- ----------------------------
DROP TABLE IF EXISTS `dc_kjzzxx`;
CREATE TABLE `dc_kjzzxx` (
  `id` int(11) NOT NULL AUTO_INCREMENT,
  `ZZBH` varchar(16) DEFAULT NULL,
  `ZZMC` varchar(16) DEFAULT NULL,
  `DWH` varchar(16) DEFAULT NULL,
  `CBRQ` datetime DEFAULT NULL,
  `LZLBM` varchar(16) DEFAULT NULL,
  `CBS` varchar(16) DEFAULT NULL,
  `CBSJBM` varchar(16) DEFAULT NULL,
  `CBH` varchar(16) DEFAULT NULL,
  `ZZZS` int(11) DEFAULT NULL,
  `ISBNH` varchar(16) DEFAULT NULL,
  `DYZZ` varchar(16) DEFAULT NULL,
  `DYZZBH` varchar(16) DEFAULT NULL,
  `DWMC` varchar(16) DEFAULT NULL,
  `stamp` timestamp(6) NOT NULL DEFAULT CURRENT_TIMESTAMP(6) ON UPDATE CURRENT_TIMESTAMP(6),
  `note` varchar(1024) DEFAULT NULL,
  PRIMARY KEY (`id`)
) ENGINE=InnoDB DEFAULT CHARSET=utf8;

-- ----------------------------
-- Records of dc_kjzzxx
-- ----------------------------
BEGIN;
COMMIT;

-- ----------------------------
-- Table structure for dc_ksapxx
-- ----------------------------
DROP TABLE IF EXISTS `dc_ksapxx`;
CREATE TABLE `dc_ksapxx` (
  `id` int(11) NOT NULL AUTO_INCREMENT,
  `stamp` timestamp(6) NOT NULL DEFAULT CURRENT_TIMESTAMP(6) ON UPDATE CURRENT_TIMESTAMP(6),
  `note` varchar(1024) DEFAULT NULL,
  `KSRQ` datetime DEFAULT NULL,
  `KSSC` float DEFAULT NULL,
  `KSFSLXM` varchar(16) DEFAULT NULL,
  `KCH` varchar(16) DEFAULT NULL,
  `JKRGH` varchar(16) DEFAULT NULL,
  `KSJSH` varchar(16) DEFAULT NULL,
  `JKRXM` varchar(16) DEFAULT NULL,
  `KSRS` varchar(16) DEFAULT NULL,
  `SSXY` varchar(16) DEFAULT NULL,
  `JSSSXY` varchar(16) DEFAULT NULL,
  PRIMARY KEY (`id`)
) ENGINE=InnoDB DEFAULT CHARSET=utf8;

-- ----------------------------
-- Records of dc_ksapxx
-- ----------------------------
BEGIN;
COMMIT;

-- ----------------------------
-- Table structure for dc_pksjxx
-- ----------------------------
DROP TABLE IF EXISTS `dc_pksjxx`;
CREATE TABLE `dc_pksjxx` (
  `id` int(11) NOT NULL AUTO_INCREMENT,
  `JSGH` varchar(16) DEFAULT NULL,
  `KCH` varchar(16) DEFAULT NULL,
  `JSXM` varchar(16) DEFAULT NULL,
  `KKXND` varchar(16) DEFAULT NULL,
  `SKBJH` varchar(16) DEFAULT NULL,
  `KKXQM` datetime DEFAULT NULL,
  `ZXXS` varchar(16) DEFAULT NULL,
  `ZKJHXS` varchar(16) DEFAULT NULL,
  `SYZS` varchar(16) DEFAULT NULL,
  `JXMSJBM` varchar(16) DEFAULT NULL,
  `WYKCTJM` varchar(16) DEFAULT NULL,
  `KCJBM` varchar(16) DEFAULT NULL,
  `ZLXS` float DEFAULT NULL,
  `HBS` float DEFAULT NULL,
  `DWH` varchar(16) DEFAULT NULL,
  `DWMC` varchar(16) DEFAULT NULL,
  `stamp` timestamp(6) NOT NULL DEFAULT CURRENT_TIMESTAMP(6) ON UPDATE CURRENT_TIMESTAMP(6),
  `note` varchar(1024) DEFAULT NULL,
  PRIMARY KEY (`id`),
  UNIQUE KEY `_dc_pksjxx_jsgh_kch_kkxnd_kkxqm_skbjh_uc` (`JSGH`,`KCH`,`KKXND`,`KKXQM`,`SKBJH`)
) ENGINE=InnoDB DEFAULT CHARSET=utf8;

-- ----------------------------
-- Records of dc_pksjxx
-- ----------------------------
BEGIN;
COMMIT;

-- ----------------------------
-- Table structure for dc_pkzksjxx
-- ----------------------------
DROP TABLE IF EXISTS `dc_pkzksjxx`;
CREATE TABLE `dc_pkzksjxx` (
  `id` int(11) NOT NULL AUTO_INCREMENT,
  `JSGH` varchar(16) DEFAULT NULL,
  `KCH` varchar(16) DEFAULT NULL,
  `JSXM` varchar(16) DEFAULT NULL,
  `KKXND` varchar(16) DEFAULT NULL,
  `SKBJH` varchar(16) DEFAULT NULL,
  `KKXQM` datetime DEFAULT NULL,
  `ZXXS` varchar(16) DEFAULT NULL,
  `ZKJHXS` float DEFAULT NULL,
  `SYZS` varchar(16) DEFAULT NULL,
  `JXMSJBM` varchar(16) DEFAULT NULL,
  `WYKCTJM` varchar(16) DEFAULT NULL,
  `KCJBM` varchar(16) DEFAULT NULL,
  `ZLXS` varchar(16) DEFAULT NULL,
  `HBS` float DEFAULT NULL,
  `DWH` varchar(16) DEFAULT NULL,
  `DWMC` varchar(16) DEFAULT NULL,
  `stamp` timestamp(6) NOT NULL DEFAULT CURRENT_TIMESTAMP(6) ON UPDATE CURRENT_TIMESTAMP(6),
  `note` varchar(1024) DEFAULT NULL,
  PRIMARY KEY (`id`),
  UNIQUE KEY `_dc_pkzksjxx_jsgh_kch_kkxnd_kkxqm_skbjh_uc` (`JSGH`,`KCH`,`KKXND`,`KKXQM`,`SKBJH`)
) ENGINE=InnoDB DEFAULT CHARSET=utf8;

-- ----------------------------
-- Records of dc_pkzksjxx
-- ----------------------------
BEGIN;
COMMIT;

-- ----------------------------
-- Table structure for dc_sspksjxx
-- ----------------------------
DROP TABLE IF EXISTS `dc_sspksjxx`;
CREATE TABLE `dc_sspksjxx` (
  `id` int(11) NOT NULL AUTO_INCREMENT,
  `JSGH` varchar(16) DEFAULT NULL,
  `KCH` varchar(16) DEFAULT NULL,
  `JSXM` varchar(16) DEFAULT NULL,
  `KKXND` varchar(16) DEFAULT NULL,
  `SKBJH` varchar(16) DEFAULT NULL,
  `KKXQM` datetime DEFAULT NULL,
  `ZXXS` varchar(16) DEFAULT NULL,
  `SXZS` float DEFAULT NULL,
  `ZLXS` varchar(16) DEFAULT NULL,
  `HBS` float DEFAULT NULL,
  `stamp` timestamp(6) NOT NULL DEFAULT CURRENT_TIMESTAMP(6) ON UPDATE CURRENT_TIMESTAMP(6),
  `note` varchar(1024) DEFAULT NULL,
  PRIMARY KEY (`id`),
  UNIQUE KEY `_dc_sspksjxx_jsgh_kch_kkxnd_kkxqm_skbjh_uc` (`JSGH`,`KCH`,`KKXND`,`KKXQM`)
) ENGINE=InnoDB DEFAULT CHARSET=utf8;

-- ----------------------------
-- Records of dc_sspksjxx
-- ----------------------------
BEGIN;
COMMIT;

-- ----------------------------
-- Table structure for dc_sypksjxx
-- ----------------------------
DROP TABLE IF EXISTS `dc_sypksjxx`;
CREATE TABLE `dc_sypksjxx` (
  `id` int(11) NOT NULL AUTO_INCREMENT,
  `JSGH` varchar(16) DEFAULT NULL,
  `KCH` varchar(16) DEFAULT NULL,
  `JSXM` varchar(16) DEFAULT NULL,
  `KKXND` varchar(16) DEFAULT NULL,
  `SKBJH` varchar(16) DEFAULT NULL,
  `KKXQM` datetime DEFAULT NULL,
  `ZXXS` varchar(16) DEFAULT NULL,
  `KCJBM` varchar(16) DEFAULT NULL,
  `SYZS` float DEFAULT NULL,
  `ZLXS` varchar(16) DEFAULT NULL,
  `HBS` varchar(16) DEFAULT NULL,
  `stamp` timestamp(6) NOT NULL DEFAULT CURRENT_TIMESTAMP(6) ON UPDATE CURRENT_TIMESTAMP(6),
  `note` varchar(1024) DEFAULT NULL,
  PRIMARY KEY (`id`),
  UNIQUE KEY `_dc_sypksjxx_jsgh_kch_kkxnd_kkxqm_skbjh_uc` (`JSGH`,`KCH`,`KKXND`,`KKXQM`)
) ENGINE=InnoDB DEFAULT CHARSET=utf8;

-- ----------------------------
-- Records of dc_sypksjxx
-- ----------------------------
BEGIN;
COMMIT;

-- ----------------------------
-- Table structure for dc_xjjbsjxx
-- ----------------------------
DROP TABLE IF EXISTS `dc_xjjbsjxx`;
CREATE TABLE `dc_xjjbsjxx` (
  `id` int(11) NOT NULL AUTO_INCREMENT,
  `RXNY` varchar(16) DEFAULT NULL,
  `XSLBM` varchar(16) DEFAULT NULL,
  `SZBH` varchar(16) DEFAULT NULL,
  `SZNJ` varchar(16) DEFAULT NULL,
  `YXSH` varchar(16) DEFAULT NULL,
  `DWH` varchar(16) DEFAULT NULL,
  `SZDW` varchar(16) DEFAULT NULL,
  `ZYM` varchar(16) DEFAULT NULL,
  `XKMLM` varchar(16) DEFAULT NULL,
  `PYFSM` varchar(16) DEFAULT NULL,
  `YJFX` varchar(16) DEFAULT NULL,
  `DSXM` varchar(16) DEFAULT NULL,
  `DSH` varchar(16) DEFAULT NULL,
  `HDXLFSM` varchar(16) DEFAULT NULL,
  `SFXFZ` varchar(16) DEFAULT NULL,
  `PYCCM` varchar(16) DEFAULT NULL,
  `LDFS` varchar(16) DEFAULT NULL,
  `XSDQZTM` varchar(16) DEFAULT NULL,
  `XH` varchar(16) DEFAULT NULL,
  `XZ` varchar(16) DEFAULT NULL,
  `XJBH` varchar(16) DEFAULT NULL,
  `XXGXRQ` datetime DEFAULT NULL,
  `stamp` timestamp(6) NOT NULL DEFAULT CURRENT_TIMESTAMP(6) ON UPDATE CURRENT_TIMESTAMP(6),
  `note` varchar(1024) DEFAULT NULL,
  PRIMARY KEY (`id`)
) ENGINE=InnoDB DEFAULT CHARSET=utf8;

-- ----------------------------
-- Records of dc_xjjbsjxx
-- ----------------------------
BEGIN;
COMMIT;

-- ----------------------------
-- Table structure for dc_xmjfxx
-- ----------------------------
DROP TABLE IF EXISTS `dc_xmjfxx`;
CREATE TABLE `dc_xmjfxx` (
    `id` int(11) NOT NULL AUTO_INCREMENT,
    `XMBH` varchar(64) DEFAULT NULL,
    `XMMC` varchar(64) DEFAULT NULL,
    `FZRH` varchar(16) DEFAULT NULL,
    `XMJFLYM` varchar(16) DEFAULT NULL,
    `BRRQ` datetime DEFAULT NULL,
    `ZCRQ` datetime DEFAULT NULL,
    `XMSJJK` float DEFAULT NULL,
    `KYXMLX` varchar(16) DEFAULT NULL,
    `KYJFLX` varchar(16) DEFAULT NULL,
    `XMPZBH` varchar(64) DEFAULT NULL,
    `JBRXM` varchar(32) DEFAULT NULL,
    `stamp` timestamp(6) NOT NULL DEFAULT CURRENT_TIMESTAMP(6) ON UPDATE CURRENT_TIMESTAMP(6),
    `note` varchar(1024) DEFAULT NULL,
    PRIMARY KEY (`id`),
    UNIQUE KEY `XMBH` (`XMBH`),
    UNIQUE KEY `XMMC` (`XMMC`)
) ENGINE=InnoDB DEFAULT CHARSET=utf8;

-- ----------------------------
-- Table structure for dc_xmryxx
-- ----------------------------
DROP TABLE IF EXISTS `dc_xmryxx`;
CREATE TABLE `dc_xmryxx` (
    `id` int(11) NOT NULL AUTO_INCREMENT,
    `RYH` varchar(16) DEFAULT NULL,
    `GXL` float DEFAULT NULL,
    `MNGZYS` float DEFAULT NULL,
    `JSM` varchar(16) DEFAULT NULL,
    `RYLX` varchar(16) DEFAULT NULL,
    `SMSX` varchar(16) DEFAULT NULL,
    `XMBH` varchar(16) DEFAULT NULL,
    `XMMC` varchar(64) DEFAULT NULL,
    `XKMLKJM` varchar(16) DEFAULT NULL,
    `stamp` timestamp(6) NOT NULL DEFAULT CURRENT_TIMESTAMP(6) ON UPDATE CURRENT_TIMESTAMP(6),
    `note` varchar(1024) DEFAULT NULL,
    PRIMARY KEY (`id`),
    UNIQUE KEY `_dc_xmryxx_xmbh_ryh_uc` (`XMBH`,`RYH`)
) ENGINE=InnoDB DEFAULT CHARSET=utf8;

-- ----------------------------
-- Table structure for dc_xnxqxx
-- ----------------------------
DROP TABLE IF EXISTS `dc_xnxqxx`;
CREATE TABLE `dc_xnxqxx` (
  `id` int(11) NOT NULL AUTO_INCREMENT,
  `JZGH` varchar(16) DEFAULT NULL,
  `XQMC` varchar(16) DEFAULT NULL,
  `XQQSSJ` datetime DEFAULT NULL,
  `XNXQM` varchar(16) DEFAULT NULL,
  `XNDM` varchar(16) DEFAULT NULL,
  `XQDM` varchar(16) DEFAULT NULL,
  `XNMC` varchar(16) DEFAULT NULL,
  `QSSKZ` varchar(16) DEFAULT NULL,
  `ZZSKZ` varchar(16) DEFAULT NULL,
  `XQLXDM` varchar(16) DEFAULT NULL,
  `XQLXMC` varchar(16) DEFAULT NULL,
  `SFDQXQ` varchar(16) DEFAULT NULL,
  `stamp` timestamp(6) NOT NULL DEFAULT CURRENT_TIMESTAMP(6) ON UPDATE CURRENT_TIMESTAMP(6),
  `note` varchar(1024) DEFAULT NULL,
  PRIMARY KEY (`id`),
  UNIQUE KEY `_dc_sypksjxx_jsgh_kch_kkxnd_kkxqm_skbjh_uc` (`XNDM`,`XQDM`,`XQQSSJ`),
  UNIQUE KEY `XQQSSJ` (`XQQSSJ`)
) ENGINE=InnoDB DEFAULT CHARSET=utf8;

-- ----------------------------
-- Records of dc_xnxqxx
-- ----------------------------
BEGIN;
COMMIT;

-- ----------------------------
-- Table structure for dc_xwlwxx
-- ----------------------------
DROP TABLE IF EXISTS `dc_xwlwxx`;
CREATE TABLE `dc_xwlwxx` (
  `id` int(11) NOT NULL AUTO_INCREMENT,
  `LWBH` varchar(16) DEFAULT NULL,
  `LWTM` varchar(16) DEFAULT NULL,
  `LWLX` varchar(16) DEFAULT NULL,
  `LWYWTM` varchar(16) DEFAULT NULL,
  `LWZTC` varchar(16) DEFAULT NULL,
  `LWYWZTC` varchar(16) DEFAULT NULL,
  `ZDRXM` varchar(16) DEFAULT NULL,
  `ZDRH` varchar(16) DEFAULT NULL,
  `DWMC` varchar(16) DEFAULT NULL,
  `DWH` varchar(16) DEFAULT NULL,
  `ZWZY` varchar(16) DEFAULT NULL,
  `YWZY` varchar(16) DEFAULT NULL,
  `GJJF` varchar(16) DEFAULT NULL,
  `LWZZRQ` varchar(16) DEFAULT NULL,
  `LWZS` varchar(16) DEFAULT NULL,
  `LWMJM` varchar(16) DEFAULT NULL,
  `LWLXM` varchar(16) DEFAULT NULL,
  `LWXTLY` varchar(16) DEFAULT NULL,
  `LWHJJBM` varchar(16) DEFAULT NULL,
  `JLDJM` varchar(16) DEFAULT NULL,
  `LWZTFLH` varchar(16) DEFAULT NULL,
  `XH` datetime DEFAULT NULL,
  `stamp` timestamp(6) NOT NULL DEFAULT CURRENT_TIMESTAMP(6) ON UPDATE CURRENT_TIMESTAMP(6),
  `note` varchar(1024) DEFAULT NULL,
  PRIMARY KEY (`id`),
  UNIQUE KEY `_kh_khpc_dwh_khnf_uc` (`LWBH`)
) ENGINE=InnoDB DEFAULT CHARSET=utf8;

-- ----------------------------
-- Records of dc_xwlwxx
-- ----------------------------
BEGIN;
COMMIT;

-- ----------------------------
-- Table structure for dc_yjsdspygx
-- ----------------------------
DROP TABLE IF EXISTS `dc_yjsdspygx`;
CREATE TABLE `dc_yjsdspygx` (
  `id` int(11) NOT NULL AUTO_INCREMENT,
  `XSXH` varchar(16) DEFAULT NULL,
  `XSXM` varchar(16) DEFAULT NULL,
  `XSLBM` varchar(16) DEFAULT NULL,
  `PYFSM` varchar(16) DEFAULT NULL,
  `XSDQZTM` varchar(16) DEFAULT NULL,
  `JZGH` varchar(16) DEFAULT NULL,
  `XM` varchar(16) DEFAULT NULL,
  `DWH` varchar(16) DEFAULT NULL,
  `SZDW` varchar(16) DEFAULT NULL,
  `SFFDS` varchar(16) DEFAULT NULL,
  `FPXS` float DEFAULT NULL,
  `XXGXRQ` datetime DEFAULT NULL,
  `stamp` timestamp(6) NOT NULL DEFAULT CURRENT_TIMESTAMP(6) ON UPDATE CURRENT_TIMESTAMP(6),
  `note` varchar(1024) DEFAULT NULL,
  PRIMARY KEY (`id`)
) ENGINE=InnoDB DEFAULT CHARSET=utf8;

-- ----------------------------
-- Records of dc_yjsdspygx
-- ----------------------------
BEGIN;
COMMIT;

-- ----------------------------
-- Table structure for dc_yjsdsxx
-- ----------------------------
DROP TABLE IF EXISTS `dc_yjsdsxx`;
CREATE TABLE `dc_yjsdsxx` (
  `id` int(11) NOT NULL AUTO_INCREMENT,
  `JZGH` varchar(16) DEFAULT NULL,
  `DSLBM` varchar(16) DEFAULT NULL,
  `RDSNY` varchar(16) DEFAULT NULL,
  `XWSYDWM` varchar(16) DEFAULT NULL,
  `DWMC` varchar(16) DEFAULT NULL,
  `WYZJ` varchar(16) DEFAULT NULL,
  `stamp` timestamp(6) NOT NULL DEFAULT CURRENT_TIMESTAMP(6) ON UPDATE CURRENT_TIMESTAMP(6),
  `note` varchar(1024) DEFAULT NULL,
  PRIMARY KEY (`id`)
) ENGINE=InnoDB DEFAULT CHARSET=utf8;

-- ----------------------------
-- Records of dc_yjsdsxx
-- ----------------------------
BEGIN;
COMMIT;

-- ----------------------------
-- Table structure for dc_yjspksjxx
-- ----------------------------
DROP TABLE IF EXISTS `dc_yjspksjxx`;
CREATE TABLE `dc_yjspksjxx` (
  `id` int(11) NOT NULL AUTO_INCREMENT,
  `JSGH` varchar(16) DEFAULT NULL,
  `KCH` varchar(16) DEFAULT NULL,
  `JSXM` varchar(16) DEFAULT NULL,
  `KKXND` varchar(16) DEFAULT NULL,
  `SKBJH` varchar(16) DEFAULT NULL,
  `KKXQM` datetime DEFAULT NULL,
  `ZXXS` varchar(16) DEFAULT NULL,
  `ZKJHXS` varchar(16) DEFAULT NULL,
  `SYZS` varchar(16) DEFAULT NULL,
  `JXMSJBM` varchar(16) DEFAULT NULL,
  `WYKCTJM` varchar(16) DEFAULT NULL,
  `KCJBM` varchar(16) DEFAULT NULL,
  `ZLXS` varchar(16) DEFAULT NULL,
  `HBS` varchar(16) DEFAULT NULL,
  `stamp` timestamp(6) NOT NULL DEFAULT CURRENT_TIMESTAMP(6) ON UPDATE CURRENT_TIMESTAMP(6),
  `note` varchar(1024) DEFAULT NULL,
  PRIMARY KEY (`id`),
  UNIQUE KEY `_dc_yjspksjxx_jsgh_kch_kkxnd_kkxqm_skbjh_uc` (`JSGH`,`KCH`,`KKXND`,`KKXQM`)
) ENGINE=InnoDB DEFAULT CHARSET=utf8;

-- ----------------------------
-- Records of dc_yjspksjxx
-- ----------------------------
BEGIN;
COMMIT;

-- ----------------------------
-- Table structure for dc_zdbylwsjxx
-- ----------------------------
DROP TABLE IF EXISTS `dc_zdbylwsjxx`;
CREATE TABLE `dc_zdbylwsjxx` (
  `id` int(11) NOT NULL AUTO_INCREMENT,
  `stamp` timestamp(6) NOT NULL DEFAULT CURRENT_TIMESTAMP(6) ON UPDATE CURRENT_TIMESTAMP(6),
  `note` varchar(1024) DEFAULT NULL,
  `JZGH` varchar(16) DEFAULT NULL,
  `JSXM` varchar(16) DEFAULT NULL,
  `ZDZS` float DEFAULT NULL,
  `XQ` datetime DEFAULT NULL,
  `ZDPTXSS` float DEFAULT NULL,
  `ZDSYXSS` float DEFAULT NULL,
  `JXMSJBM` varchar(16) DEFAULT NULL,
  PRIMARY KEY (`id`)
) ENGINE=InnoDB DEFAULT CHARSET=utf8;

-- ----------------------------
-- Records of dc_zdbylwsjxx
-- ----------------------------
BEGIN;
COMMIT;

-- ----------------------------
-- Table structure for dc_zlcgjbsjxx
-- ----------------------------
DROP TABLE IF EXISTS `dc_zlcgjbsjxx`;
CREATE TABLE `dc_zlcgjbsjxx` (
  `id` int(11) NOT NULL AUTO_INCREMENT,
  `ZLCGBH` varchar(16) DEFAULT NULL,
  `ZLCGMC` varchar(128) DEFAULT NULL,
  `DWH` varchar(128) DEFAULT NULL,
  `SQBH` varchar(16) DEFAULT NULL,
  `XKLYM` varchar(16) DEFAULT NULL,
  `ZLLXM` varchar(16) DEFAULT NULL,
  `PZRQ` datetime DEFAULT NULL,
  `PZXSM` varchar(16) DEFAULT NULL,
  `ZLZSBH` varchar(16) DEFAULT NULL,
  `FLZTM` varchar(16) DEFAULT NULL,
  `JNZLNFRQ` datetime DEFAULT NULL,
  `JNJE` varchar(16) DEFAULT NULL,
  `SSXMBH` varchar(16) DEFAULT NULL,
  `GJDQM` varchar(16) DEFAULT NULL,
  `GJZLZFLH` varchar(16) DEFAULT NULL,
  `PCTHZLGJDQM` varchar(16) DEFAULT NULL,
  `SQGGH` varchar(16) DEFAULT NULL,
  `SQGGRQ` datetime DEFAULT NULL,
  `SQMC` varchar(16) DEFAULT NULL,
  `ZLDLJG` varchar(30) DEFAULT NULL,
  `ZLDLR` varchar(16) DEFAULT NULL,
  `ZLQR` varchar(16) DEFAULT NULL,
  `ZLZZRQ` datetime DEFAULT NULL,
  `XKMLKJM` varchar(16) DEFAULT NULL,
  `ZLSQRQ` varchar(16) DEFAULT NULL,
  `ZZM` varchar(16) DEFAULT NULL,
  `ZZBH` varchar(16) DEFAULT NULL,
  `stamp` timestamp(6) NOT NULL DEFAULT CURRENT_TIMESTAMP(6) ON UPDATE CURRENT_TIMESTAMP(6),
  `note` varchar(1024) DEFAULT NULL,
  PRIMARY KEY (`id`),
  UNIQUE KEY `_dc_zlcgjbsjxx_zlcgbh_sqbh_uc` (`ZLCGBH`,`SQBH`)
) ENGINE=InnoDB DEFAULT CHARSET=utf8;

-- ----------------------------
-- Records of dc_zlcgjbsjxx
-- ----------------------------
BEGIN;
COMMIT;

-- ----------------------------
-- Table structure for dc_zlcsxx
-- ----------------------------
DROP TABLE IF EXISTS `dc_zlcsxx`;
CREATE TABLE `dc_zlcsxx` (
  `id` int(11) NOT NULL AUTO_INCREMENT,
  `CSRQ` datetime DEFAULT NULL,
  `CSJE` float DEFAULT NULL,
  `SSDW` varchar(16) DEFAULT NULL,
  `GJDQM` varchar(16) DEFAULT NULL,
  `BNSJSR` float DEFAULT NULL,
  `XKMLKJM` varchar(16) DEFAULT NULL,
  `ZLCGBH` varchar(16) DEFAULT NULL,
  `stamp` timestamp(6) NOT NULL DEFAULT CURRENT_TIMESTAMP(6) ON UPDATE CURRENT_TIMESTAMP(6),
  `note` varchar(1024) DEFAULT NULL,
  PRIMARY KEY (`id`)
) ENGINE=InnoDB DEFAULT CHARSET=utf8;

-- ----------------------------
-- Records of dc_zlcsxx
-- ----------------------------
BEGIN;
COMMIT;

-- ----------------------------
-- Table structure for dc_zzjgjbsjxx
-- ----------------------------
DROP TABLE IF EXISTS `dc_zzjgjbsjxx`;
CREATE TABLE `dc_zzjgjbsjxx` (
  `id` int(11) NOT NULL AUTO_INCREMENT,
  `DWH` varchar(128) DEFAULT NULL,
  `DWMC` varchar(128) DEFAULT NULL,
  `DWYWMC` varchar(128) DEFAULT NULL,
  `DWJC` varchar(128) DEFAULT NULL,
  `DWYWJC` varchar(128) DEFAULT NULL,
  `DWJP` varchar(128) DEFAULT NULL,
  `DWDZ` varchar(128) DEFAULT NULL,
  `SZXQ` varchar(128) DEFAULT NULL,
  `LSDWH` varchar(128) DEFAULT NULL,
  `DWLBM` varchar(128) DEFAULT NULL,
  `DWBBM` varchar(128) DEFAULT NULL,
  `DWYXBS` varchar(128) DEFAULT NULL,
  `SXRQ` datetime DEFAULT NULL,
  `SFST` varchar(128) DEFAULT NULL,
  `JLNY` datetime DEFAULT NULL,
  `DWFZRH` varchar(128) DEFAULT NULL,
  `stamp` timestamp(6) NOT NULL DEFAULT CURRENT_TIMESTAMP(6) ON UPDATE CURRENT_TIMESTAMP(6),
  `note` varchar(1024) DEFAULT NULL,
  PRIMARY KEY (`id`),
  UNIQUE KEY `DWH` (`DWH`)
) ENGINE=InnoDB DEFAULT CHARSET=utf8;

-- ----------------------------
-- Records of dc_zzjgjbsjxx
-- ----------------------------
BEGIN;
COMMIT;

-- ----------------------------
-- Table structure for django_admin_log
-- ----------------------------
DROP TABLE IF EXISTS `django_admin_log`;
CREATE TABLE `django_admin_log` (
  `id` int(11) NOT NULL AUTO_INCREMENT,
  `action_time` datetime(6) NOT NULL,
  `object_id` longtext,
  `object_repr` varchar(200) NOT NULL,
  `action_flag` smallint(5) unsigned NOT NULL,
  `change_message` longtext NOT NULL,
  `content_type_id` int(11) DEFAULT NULL,
  `user_id` int(11) NOT NULL,
  PRIMARY KEY (`id`),
  KEY `django_admin_log_content_type_id_c4bce8eb_fk_django_co` (`content_type_id`),
  KEY `django_admin_log_user_id_c564eba6_fk_auth_user_id` (`user_id`),
  CONSTRAINT `django_admin_log_content_type_id_c4bce8eb_fk_django_co` FOREIGN KEY (`content_type_id`) REFERENCES `django_content_type` (`id`),
  CONSTRAINT `django_admin_log_user_id_c564eba6_fk_auth_user_id` FOREIGN KEY (`user_id`) REFERENCES `auth_user` (`id`)
) ENGINE=InnoDB DEFAULT CHARSET=utf8;

-- ----------------------------
-- Records of django_admin_log
-- ----------------------------
BEGIN;
COMMIT;

-- ----------------------------
-- Table structure for django_content_type
-- ----------------------------
DROP TABLE IF EXISTS `django_content_type`;
CREATE TABLE `django_content_type` (
  `id` int(11) NOT NULL AUTO_INCREMENT,
  `app_label` varchar(100) NOT NULL,
  `model` varchar(100) NOT NULL,
  PRIMARY KEY (`id`),
  UNIQUE KEY `django_content_type_app_label_model_76bd3d3b_uniq` (`app_label`,`model`)
) ENGINE=InnoDB AUTO_INCREMENT=13 DEFAULT CHARSET=utf8;

-- ----------------------------
-- Records of django_content_type
-- ----------------------------
BEGIN;
INSERT INTO `django_content_type` VALUES (1, 'admin', 'logentry');
INSERT INTO `django_content_type` VALUES (3, 'auth', 'group');
INSERT INTO `django_content_type` VALUES (2, 'auth', 'permission');
INSERT INTO `django_content_type` VALUES (4, 'auth', 'user');
INSERT INTO `django_content_type` VALUES (8, 'cas', 'pgtiou');
INSERT INTO `django_content_type` VALUES (7, 'cas', 'tgt');
INSERT INTO `django_content_type` VALUES (5, 'contenttypes', 'contenttype');
INSERT INTO `django_content_type` VALUES (12, 'jx', 'menu');
INSERT INTO `django_content_type` VALUES (10, 'jx', 'role');
INSERT INTO `django_content_type` VALUES (9, 'jx', 'sysuser');
INSERT INTO `django_content_type` VALUES (11, 'jx', 'usertype');
INSERT INTO `django_content_type` VALUES (6, 'sessions', 'session');
COMMIT;

-- ----------------------------
-- Table structure for django_migrations
-- ----------------------------
DROP TABLE IF EXISTS `django_migrations`;
CREATE TABLE `django_migrations` (
  `id` int(11) NOT NULL AUTO_INCREMENT,
  `app` varchar(255) NOT NULL,
  `name` varchar(255) NOT NULL,
  `applied` datetime(6) NOT NULL,
  PRIMARY KEY (`id`)
) ENGINE=InnoDB AUTO_INCREMENT=22 DEFAULT CHARSET=utf8;

-- ----------------------------
-- Records of django_migrations
-- ----------------------------
BEGIN;
INSERT INTO `django_migrations` VALUES (1, 'contenttypes', '0001_initial', '2021-02-06 21:17:55.354021');
INSERT INTO `django_migrations` VALUES (2, 'auth', '0001_initial', '2021-02-06 21:17:55.531317');
INSERT INTO `django_migrations` VALUES (3, 'admin', '0001_initial', '2021-02-06 21:17:55.825775');
INSERT INTO `django_migrations` VALUES (4, 'admin', '0002_logentry_remove_auto_add', '2021-02-06 21:17:55.887854');
INSERT INTO `django_migrations` VALUES (5, 'admin', '0003_logentry_add_action_flag_choices', '2021-02-06 21:17:55.919536');
INSERT INTO `django_migrations` VALUES (6, 'contenttypes', '0002_remove_content_type_name', '2021-02-06 21:17:56.011789');
INSERT INTO `django_migrations` VALUES (7, 'auth', '0002_alter_permission_name_max_length', '2021-02-06 21:17:56.094470');
INSERT INTO `django_migrations` VALUES (8, 'auth', '0003_alter_user_email_max_length', '2021-02-06 21:17:56.132299');
INSERT INTO `django_migrations` VALUES (9, 'auth', '0004_alter_user_username_opts', '2021-02-06 21:17:56.160419');
INSERT INTO `django_migrations` VALUES (10, 'auth', '0005_alter_user_last_login_null', '2021-02-06 21:17:56.213143');
INSERT INTO `django_migrations` VALUES (11, 'auth', '0006_require_contenttypes_0002', '2021-02-06 21:17:56.216450');
INSERT INTO `django_migrations` VALUES (12, 'auth', '0007_alter_validators_add_error_messages', '2021-02-06 21:17:56.252004');
INSERT INTO `django_migrations` VALUES (13, 'auth', '0008_alter_user_username_max_length', '2021-02-06 21:17:56.310754');
INSERT INTO `django_migrations` VALUES (14, 'auth', '0009_alter_user_last_name_max_length', '2021-02-06 21:17:56.360693');
INSERT INTO `django_migrations` VALUES (15, 'auth', '0010_alter_group_name_max_length', '2021-02-06 21:17:56.405934');
INSERT INTO `django_migrations` VALUES (16, 'auth', '0011_update_proxy_permissions', '2021-02-06 21:17:56.421721');
INSERT INTO `django_migrations` VALUES (17, 'auth', '0012_alter_user_first_name_max_length', '2021-02-06 21:17:56.465593');
INSERT INTO `django_migrations` VALUES (18, 'sessions', '0001_initial', '2021-02-06 21:17:56.491293');
INSERT INTO `django_migrations` VALUES (20, 'jx', '0001_initial', '2021-02-06 23:31:35.686678');
INSERT INTO `django_migrations` VALUES (21, 'jx', '0002_auto_20210208_1139', '2021-02-08 11:40:00.274172');
COMMIT;

-- ----------------------------
-- Table structure for django_session
-- ----------------------------
DROP TABLE IF EXISTS `django_session`;
CREATE TABLE `django_session` (
  `session_key` varchar(40) NOT NULL,
  `session_data` longtext NOT NULL,
  `expire_date` datetime(6) NOT NULL,
  PRIMARY KEY (`session_key`),
  KEY `django_session_expire_date_a5c62663` (`expire_date`)
) ENGINE=InnoDB DEFAULT CHARSET=utf8;

-- ----------------------------
-- Records of django_session
-- ----------------------------
BEGIN;
INSERT INTO `django_session` VALUES ('lij68n96k1hhl0lqqjcbta95y5itdkwb', '.eJxVjE0OwiAYBe_C2hCgUMCle89A3sePVA1NSrsy3l2bdKHbNzPvxQK2tYat5yVMiZ2ZZKffjRAfue0g3dFuM49zW5eJ-K7wg3Z-nVN-Xg7376Ci1289luRHAaWTRfHewkVRYLwjaJNBcUCKRTolCdblAVrBUFFKCmkNOfb-AAYIOIY:1lU8bF:65PEhlIxtJQtG8l6NNVB6xE_Ki0EMcU7IgUB0Yza9Go', '2021-04-21 21:52:05.017749');
COMMIT;

-- ----------------------------
-- Table structure for dr_bjsjxx
-- ----------------------------
DROP TABLE IF EXISTS `dr_bjsjxx`;
CREATE TABLE `dr_bjsjxx` (
  `id` int(11) NOT NULL AUTO_INCREMENT,
  `stamp` timestamp(6) NOT NULL DEFAULT CURRENT_TIMESTAMP(6) ON UPDATE CURRENT_TIMESTAMP(6),
  `note` varchar(1024) DEFAULT NULL,
  `BH` varchar(16) DEFAULT NULL,
  `BJ` varchar(16) DEFAULT NULL,
  `JBNY` datetime DEFAULT NULL,
  `RXNF` datetime DEFAULT NULL,
  `FDYH` varchar(16) DEFAULT NULL,
  `BDS` varchar(16) DEFAULT NULL,
  `SSXY` varchar(16) DEFAULT NULL,
  `SSZY` varchar(16) DEFAULT NULL,
  `XSLB` varchar(16) DEFAULT NULL,
  `QYBZ` varchar(16) DEFAULT NULL,
  PRIMARY KEY (`id`)
) ENGINE=InnoDB DEFAULT CHARSET=utf8;

-- ----------------------------
-- Records of dr_bjsjxx
-- ----------------------------
BEGIN;
COMMIT;

-- ----------------------------
-- Table structure for dr_bks_jpkc
-- ----------------------------
DROP TABLE IF EXISTS `dr_bks_jpkc`;
CREATE TABLE `dr_bks_jpkc` (
  `id` int(11) NOT NULL AUTO_INCREMENT,
  `KCH` varchar(16) DEFAULT NULL,
  `KCMC` varchar(16) DEFAULT NULL,
  `KCJBM` varchar(16) DEFAULT NULL,
  `FZRGH` varchar(16) DEFAULT NULL,
  `FZRXM` varchar(16) DEFAULT NULL,
  `DWH` varchar(16) DEFAULT NULL,
  `stamp` timestamp(6) NOT NULL DEFAULT CURRENT_TIMESTAMP(6) ON UPDATE CURRENT_TIMESTAMP(6),
  `note` varchar(1024) DEFAULT NULL,
  PRIMARY KEY (`id`),
  UNIQUE KEY `KCH` (`KCH`)
) ENGINE=InnoDB DEFAULT CHARSET=utf8;

-- ----------------------------
-- Records of dr_bks_jpkc
-- ----------------------------
BEGIN;
COMMIT;

-- ----------------------------
-- Table structure for dr_bzxx
-- ----------------------------
DROP TABLE IF EXISTS `dr_bzxx`;
CREATE TABLE `dr_bzxx` (
  `id` int(11) NOT NULL AUTO_INCREMENT,
  `BZZH` varchar(16) DEFAULT NULL,
  `BZZXM` varchar(16) DEFAULT NULL,
  `BZZJSM` varchar(16) DEFAULT NULL,
  `BZZDW` varchar(16) DEFAULT NULL,
  `DWH` varchar(16) DEFAULT NULL,
  `GXL` float DEFAULT NULL,
  `JCBH` varchar(16) DEFAULT NULL,
  `stamp` timestamp(6) NOT NULL DEFAULT CURRENT_TIMESTAMP(6) ON UPDATE CURRENT_TIMESTAMP(6),
  `note` varchar(1024) DEFAULT NULL,
  PRIMARY KEY (`id`)
) ENGINE=InnoDB DEFAULT CHARSET=utf8;

-- ----------------------------
-- Records of dr_bzxx
-- ----------------------------
BEGIN;
COMMIT;

-- ----------------------------
-- Table structure for dr_dxskjxmjbsjxx
-- ----------------------------
DROP TABLE IF EXISTS `dr_dxskjxmjbsjxx`;
CREATE TABLE `dr_dxskjxmjbsjxx` (
  `id` int(11) NOT NULL AUTO_INCREMENT,
  `XMBH` varchar(16) DEFAULT NULL,
  `XMMC` varchar(16) DEFAULT NULL,
  `XMZC` varchar(16) DEFAULT NULL,
  `DWH` varchar(16) DEFAULT NULL,
  `DWMC` varchar(16) DEFAULT NULL,
  `FZRYH` varchar(16) DEFAULT NULL,
  `FZRXM` varchar(16) DEFAULT NULL,
  `XMJBM` varchar(16) DEFAULT NULL,
  `ND` varchar(16) DEFAULT NULL,
  `GJJF` varchar(16) DEFAULT NULL,
  `XXJF` varchar(16) DEFAULT NULL,
  `BYXJF` varchar(16) DEFAULT NULL,
  `DSJF` varchar(16) DEFAULT NULL,
  `QTJF` varchar(16) DEFAULT NULL,
  `XMRQ` datetime DEFAULT NULL,
  `stamp` timestamp(6) NOT NULL DEFAULT CURRENT_TIMESTAMP(6) ON UPDATE CURRENT_TIMESTAMP(6),
  `note` varchar(1024) DEFAULT NULL,
  PRIMARY KEY (`id`),
  UNIQUE KEY `_kh_khpc_dwh_khnf_uc` (`XMBH`)
) ENGINE=InnoDB DEFAULT CHARSET=utf8;

-- ----------------------------
-- Records of dr_dxskjxmjbsjxx
-- ----------------------------
BEGIN;
COMMIT;

-- ----------------------------
-- Table structure for dr_hjcgjbsjxx
-- ----------------------------
DROP TABLE IF EXISTS `dr_hjcgjbsjxx`;
CREATE TABLE `dr_hjcgjbsjxx` (
  `id` int(11) NOT NULL AUTO_INCREMENT,
  `HJCGBH` varchar(16) DEFAULT NULL,
  `HJCGMC` varchar(16) DEFAULT NULL,
  `XMLYM` varchar(16) DEFAULT NULL,
  `DWH` varchar(16) DEFAULT NULL,
  `HJRQ` datetime DEFAULT NULL,
  `CGHJLBM` varchar(16) DEFAULT NULL,
  `KJJLB` varchar(16) DEFAULT NULL,
  `JLDJM` varchar(16) DEFAULT NULL,
  `HJJBM` varchar(16) DEFAULT NULL,
  `XKLYM` varchar(16) DEFAULT NULL,
  `BJDW` varchar(16) DEFAULT NULL,
  `SSXMBH` varchar(16) DEFAULT NULL,
  `DWPM` varchar(16) DEFAULT NULL,
  `XKMLKJM` varchar(16) DEFAULT NULL,
  `FZRYH` varchar(16) DEFAULT NULL,
  `FZRXM` varchar(16) DEFAULT NULL,
  `YJXK` varchar(16) DEFAULT NULL,
  `DWMC` varchar(16) DEFAULT NULL,
  `YJSMC` varchar(16) DEFAULT NULL,
  `CGXS` varchar(16) DEFAULT NULL,
  `HJMC` varchar(16) DEFAULT NULL,
  `HJBH` varchar(16) DEFAULT NULL,
  `stamp` timestamp(6) NOT NULL DEFAULT CURRENT_TIMESTAMP(6) ON UPDATE CURRENT_TIMESTAMP(6),
  `note` varchar(1024) DEFAULT NULL,
  PRIMARY KEY (`id`),
  UNIQUE KEY `HJCGBH` (`HJCGBH`)
) ENGINE=InnoDB DEFAULT CHARSET=utf8;

-- ----------------------------
-- Records of dr_hjcgjbsjxx
-- ----------------------------
BEGIN;
COMMIT;

-- ----------------------------
-- Table structure for dr_hjjcxx
-- ----------------------------
DROP TABLE IF EXISTS `dr_hjjcxx`;
CREATE TABLE `dr_hjjcxx` (
  `id` int(11) NOT NULL AUTO_INCREMENT,
  `HJJCBH` varchar(16) DEFAULT NULL,
  `HJXM` varchar(16) DEFAULT NULL,
  `HJJC` varchar(16) DEFAULT NULL,
  `HJRQ` datetime DEFAULT NULL,
  `HJMC` varchar(16) DEFAULT NULL,
  `JLJBM` varchar(16) DEFAULT NULL,
  `JLDJM` varchar(16) DEFAULT NULL,
  `BJDW` varchar(16) DEFAULT NULL,
  `stamp` timestamp(6) NOT NULL DEFAULT CURRENT_TIMESTAMP(6) ON UPDATE CURRENT_TIMESTAMP(6),
  `note` varchar(1024) DEFAULT NULL,
  PRIMARY KEY (`id`)
) ENGINE=InnoDB DEFAULT CHARSET=utf8;

-- ----------------------------
-- Records of dr_hjjcxx
-- ----------------------------
BEGIN;
COMMIT;

-- ----------------------------
-- Table structure for dr_jcjbsjxx
-- ----------------------------
DROP TABLE IF EXISTS `dr_jcjbsjxx`;
CREATE TABLE `dr_jcjbsjxx` (
  `id` int(11) NOT NULL AUTO_INCREMENT,
  `DYZBXM` varchar(16) DEFAULT NULL,
  `DYZBH` varchar(16) DEFAULT NULL,
  `CBH` varchar(16) DEFAULT NULL,
  `JCMC` varchar(16) DEFAULT NULL,
  `BC` varchar(16) DEFAULT NULL,
  `DWH` varchar(16) DEFAULT NULL,
  `DWMC` varchar(16) DEFAULT NULL,
  `CBS` varchar(16) DEFAULT NULL,
  `BZZZS` varchar(16) DEFAULT NULL,
  `CBRQ` datetime DEFAULT NULL,
  `JCBH` varchar(16) DEFAULT NULL,
  `JCLB` varchar(16) DEFAULT NULL,
  `JCZS` float DEFAULT NULL,
  `stamp` timestamp(6) NOT NULL DEFAULT CURRENT_TIMESTAMP(6) ON UPDATE CURRENT_TIMESTAMP(6),
  `note` varchar(1024) DEFAULT NULL,
  PRIMARY KEY (`id`)
) ENGINE=InnoDB DEFAULT CHARSET=utf8;

-- ----------------------------
-- Records of dr_jcjbsjxx
-- ----------------------------
BEGIN;
COMMIT;

-- ----------------------------
-- Table structure for dr_jgxmxx
-- ----------------------------
DROP TABLE IF EXISTS `dr_jgxmxx`;
CREATE TABLE `dr_jgxmxx` (
  `id` int(11) NOT NULL AUTO_INCREMENT,
  `DWH` varchar(16) DEFAULT NULL,
  `JZGH` varchar(16) DEFAULT NULL,
  `JZGXM` varchar(16) DEFAULT NULL,
  `GXL` float DEFAULT NULL,
  `ND` varchar(16) DEFAULT NULL,
  `XMXH` varchar(16) DEFAULT NULL,
  `XMBH` varchar(16) DEFAULT NULL,
  `XMMC` varchar(16) DEFAULT NULL,
  `XMFZRH` varchar(16) DEFAULT NULL,
  `XM` varchar(16) DEFAULT NULL,
  `LXRQ` datetime DEFAULT NULL,
  `PZJF` varchar(16) DEFAULT NULL,
  `XMJBM` varchar(16) DEFAULT NULL,
  `JSLXM` varchar(16) DEFAULT NULL,
  `SJLYM` varchar(16) DEFAULT NULL,
  `XMJB` varchar(16) DEFAULT NULL,
  `CYRC` varchar(16) DEFAULT NULL,
  `stamp` timestamp(6) NOT NULL DEFAULT CURRENT_TIMESTAMP(6) ON UPDATE CURRENT_TIMESTAMP(6),
  `note` varchar(1024) DEFAULT NULL,
  PRIMARY KEY (`id`)
) ENGINE=InnoDB DEFAULT CHARSET=utf8;

-- ----------------------------
-- Records of dr_jgxmxx
-- ----------------------------
BEGIN;
COMMIT;

-- ----------------------------
-- Table structure for dr_jxcgjlsb
-- ----------------------------
DROP TABLE IF EXISTS `dr_jxcgjlsb`;
CREATE TABLE `dr_jxcgjlsb` (
  `id` int(11) NOT NULL AUTO_INCREMENT,
  `SBRH` varchar(16) DEFAULT NULL,
  `JXCGBH` varchar(16) DEFAULT NULL,
  `JXCGLB` varchar(16) DEFAULT NULL,
  `stamp` timestamp(6) NOT NULL DEFAULT CURRENT_TIMESTAMP(6) ON UPDATE CURRENT_TIMESTAMP(6),
  `note` varchar(1024) DEFAULT NULL,
  PRIMARY KEY (`id`)
) ENGINE=InnoDB DEFAULT CHARSET=utf8;

-- ----------------------------
-- Records of dr_jxcgjlsb
-- ----------------------------
BEGIN;
COMMIT;

-- ----------------------------
-- Table structure for dr_jxcgwcrxx
-- ----------------------------
DROP TABLE IF EXISTS `dr_jxcgwcrxx`;
CREATE TABLE `dr_jxcgwcrxx` (
  `id` int(11) NOT NULL AUTO_INCREMENT,
  `WCRH` varchar(16) DEFAULT NULL,
  `WCRXM` varchar(16) DEFAULT NULL,
  `WCRJSM` varchar(16) DEFAULT NULL,
  `WCDW` varchar(16) DEFAULT NULL,
  `DWH` varchar(16) DEFAULT NULL,
  `JLJBM` varchar(16) DEFAULT NULL,
  `JLDJM` varchar(16) DEFAULT NULL,
  `JLLBM` varchar(16) DEFAULT NULL,
  `GXL` float DEFAULT NULL,
  `BJRQ` varchar(16) DEFAULT NULL,
  `JXCGBH` varchar(16) DEFAULT NULL,
  `stamp` timestamp(6) NOT NULL DEFAULT CURRENT_TIMESTAMP(6) ON UPDATE CURRENT_TIMESTAMP(6),
  `note` varchar(1024) DEFAULT NULL,
  PRIMARY KEY (`id`),
  UNIQUE KEY `_kh_khpc_dwh_khnf_uc` (`JXCGBH`,`WCRH`)
) ENGINE=InnoDB DEFAULT CHARSET=utf8;

-- ----------------------------
-- Records of dr_jxcgwcrxx
-- ----------------------------
BEGIN;
COMMIT;

-- ----------------------------
-- Table structure for dr_jxhjxx
-- ----------------------------
DROP TABLE IF EXISTS `dr_jxhjxx`;
CREATE TABLE `dr_jxhjxx` (
  `id` int(11) NOT NULL AUTO_INCREMENT,
  `JXCGBH` varchar(16) DEFAULT NULL,
  `JXCGMC` varchar(16) DEFAULT NULL,
  `HJMC` varchar(16) DEFAULT NULL,
  `JLJBM` varchar(16) DEFAULT NULL,
  `JLDJM` varchar(16) DEFAULT NULL,
  `JLLBM` varchar(16) DEFAULT NULL,
  `BJDW` varchar(16) DEFAULT NULL,
  `DWH` varchar(16) DEFAULT NULL,
  `BJNF` varchar(16) DEFAULT NULL,
  `BJRQ` varchar(16) DEFAULT NULL,
  `FZRYH` varchar(16) DEFAULT NULL,
  `FZRXM` varchar(16) DEFAULT NULL,
  `ZYWCR` varchar(16) DEFAULT NULL,
  `WCRZS` varchar(16) DEFAULT NULL,
  `stamp` timestamp(6) NOT NULL DEFAULT CURRENT_TIMESTAMP(6) ON UPDATE CURRENT_TIMESTAMP(6),
  `note` varchar(1024) DEFAULT NULL,
  PRIMARY KEY (`id`),
  UNIQUE KEY `_kh_khpc_dwh_khnf_uc` (`JXCGBH`,`JXCGMC`)
) ENGINE=InnoDB DEFAULT CHARSET=utf8;

-- ----------------------------
-- Records of dr_jxhjxx
-- ----------------------------
BEGIN;
COMMIT;

-- ----------------------------
-- Table structure for dr_jzgjcsjxx
-- ----------------------------
DROP TABLE IF EXISTS `dr_jzgjcsjxx`;
CREATE TABLE `dr_jzgjcsjxx` (
  `id` int(11) NOT NULL AUTO_INCREMENT,
  `JZGH` varchar(16) DEFAULT NULL,
  `DWH` varchar(16) DEFAULT NULL,
  `XM` varchar(16) DEFAULT NULL,
  `YWXM` varchar(16) DEFAULT NULL,
  `XMPY` varchar(16) DEFAULT NULL,
  `CYM` varchar(16) DEFAULT NULL,
  `XBM` varchar(16) DEFAULT NULL,
  `CSRQ` datetime DEFAULT NULL,
  `CSDM` varchar(16) DEFAULT NULL,
  `BZLBM` varchar(16) DEFAULT NULL,
  `JZGLBM` varchar(16) DEFAULT NULL,
  `DQZTM` varchar(16) DEFAULT NULL,
  `note` varchar(1024) DEFAULT NULL,
  `stamp` timestamp(6) NOT NULL DEFAULT CURRENT_TIMESTAMP(6) ON UPDATE CURRENT_TIMESTAMP(6),
  PRIMARY KEY (`id`),
  UNIQUE KEY `JZGH` (`JZGH`)
) ENGINE=InnoDB AUTO_INCREMENT=9 DEFAULT CHARSET=utf8;

-- ----------------------------
-- Records of dr_jzgjcsjxx
-- ----------------------------
BEGIN;
INSERT INTO `dr_jzgjcsjxx` VALUES (1, 'admin', '00000A', '', NULL, NULL, NULL, NULL, NULL, NULL, NULL, NULL, NULL, NULL, '2021-02-18 12:14:46.670939');
INSERT INTO `dr_jzgjcsjxx` VALUES (4, '00001B', '00000C', '', 'lishi', NULL, NULL, '', NULL, NULL, NULL, NULL, NULL, '', '2021-03-30 07:03:35.203331');
INSERT INTO `dr_jzgjcsjxx` VALUES (5, '000001C', '00000B', '', 'ww', NULL, NULL, '', NULL, NULL, NULL, NULL, NULL, '', '2021-03-30 07:03:59.617772');
INSERT INTO `dr_jzgjcsjxx` VALUES (6, '000001D', '1234', '', 'ZHAO LIU', NULL, NULL, '', NULL, NULL, NULL, NULL, NULL, '', '2021-03-17 12:55:39.265364');
INSERT INTO `dr_jzgjcsjxx` VALUES (7, '00000S', '00000D', '', 'we', 'wr', 'wr', '', '2021-03-04 00:00:00', '', '', '', '', NULL, '2021-03-30 07:05:58.550906');
INSERT INTO `dr_jzgjcsjxx` VALUES (8, '00XW1306', '00000B', '', 'Wang Hongyang', 'WANG HONGYANG', NULL, '', NULL, NULL, NULL, NULL, NULL, NULL, '2021-05-14 06:09:29.460407');
COMMIT;

-- ----------------------------
-- Table structure for dr_kcsjsjxx
-- ----------------------------
DROP TABLE IF EXISTS `dr_kcsjsjxx`;
CREATE TABLE `dr_kcsjsjxx` (
  `id` int(11) NOT NULL AUTO_INCREMENT,
  `JSGH` varchar(16) DEFAULT NULL,
  `KCH` varchar(16) DEFAULT NULL,
  `JSXM` varchar(16) DEFAULT NULL,
  `KKXND` varchar(16) DEFAULT NULL,
  `SKBJH` varchar(16) DEFAULT NULL,
  `KKXQM` datetime DEFAULT NULL,
  `ZXXS` varchar(16) DEFAULT NULL,
  `ZLXS` varchar(16) DEFAULT NULL,
  `SXZS` float DEFAULT NULL,
  `HBS` float DEFAULT NULL,
  `stamp` timestamp(6) NOT NULL DEFAULT CURRENT_TIMESTAMP(6) ON UPDATE CURRENT_TIMESTAMP(6),
  `note` varchar(1024) DEFAULT NULL,
  PRIMARY KEY (`id`),
  UNIQUE KEY `_dr_kcsjsjxx_jsgh_kch_kkxnd_kkxqm_skbjh_uc` (`JSGH`,`KCH`,`KKXND`,`KKXQM`)
) ENGINE=InnoDB DEFAULT CHARSET=utf8;

-- ----------------------------
-- Records of dr_kcsjsjxx
-- ----------------------------
BEGIN;
COMMIT;

-- ----------------------------
-- Table structure for dr_kcsjxx
-- ----------------------------
DROP TABLE IF EXISTS `dr_kcsjxx`;
CREATE TABLE `dr_kcsjxx` (
  `id` int(11) NOT NULL AUTO_INCREMENT,
  `JZGH` varchar(16) DEFAULT NULL,
  `KCH` varchar(16) DEFAULT NULL,
  `KCMC` varchar(16) DEFAULT NULL,
  `ZXS` varchar(16) DEFAULT NULL,
  `LLXS` float DEFAULT NULL,
  `SYXS` float DEFAULT NULL,
  `SJXS` varchar(16) DEFAULT NULL,
  `stamp` timestamp(6) NOT NULL DEFAULT CURRENT_TIMESTAMP(6) ON UPDATE CURRENT_TIMESTAMP(6),
  `note` varchar(1024) DEFAULT NULL,
  PRIMARY KEY (`id`),
  UNIQUE KEY `KCH` (`KCH`)
) ENGINE=InnoDB DEFAULT CHARSET=utf8;

-- ----------------------------
-- Records of dr_kcsjxx
-- ----------------------------
BEGIN;
COMMIT;

-- ----------------------------
-- Table structure for dr_kjcgryxx_jl
-- ----------------------------
DROP TABLE IF EXISTS `dr_kjcgryxx_jl`;
CREATE TABLE `dr_kjcgryxx_jl` (
  `id` int(11) NOT NULL AUTO_INCREMENT,
  `RYH` varchar(16) DEFAULT NULL,
  `JSM` varchar(16) DEFAULT NULL,
  `ZXZS` varchar(16) DEFAULT NULL,
  `PMZRS` varchar(16) DEFAULT NULL,
  `GXL` float DEFAULT NULL,
  `XM` varchar(16) DEFAULT NULL,
  `SZDW` varchar(16) DEFAULT NULL,
  `RYLX` varchar(16) DEFAULT NULL,
  `HJCGBH` varchar(16) DEFAULT NULL,
  `KJCGRYBH` varchar(16) DEFAULT NULL,
  `stamp` timestamp(6) NOT NULL DEFAULT CURRENT_TIMESTAMP(6) ON UPDATE CURRENT_TIMESTAMP(6),
  `note` varchar(1024) DEFAULT NULL,
  PRIMARY KEY (`id`),
  UNIQUE KEY `_dr_kjcgryxx_jl_ryh_hjcgbh_uc` (`RYH`,`HJCGBH`)
) ENGINE=InnoDB DEFAULT CHARSET=utf8;

-- ----------------------------
-- Records of dr_kjcgryxx_jl
-- ----------------------------
BEGIN;
COMMIT;

-- ----------------------------
-- Table structure for dr_kjcgryxx_lw
-- ----------------------------
DROP TABLE IF EXISTS `dr_kjcgryxx_lw`;
CREATE TABLE `dr_kjcgryxx_lw` (
  `id` int(11) NOT NULL AUTO_INCREMENT,
  `RYH` varchar(16) DEFAULT NULL,
  `JSM` varchar(16) DEFAULT NULL,
  `ZXZS` varchar(16) DEFAULT NULL,
  `PMZRS` varchar(16) DEFAULT NULL,
  `GXL` float DEFAULT NULL,
  `XM` varchar(16) DEFAULT NULL,
  `SZDW` varchar(16) DEFAULT NULL,
  `RYLX` varchar(16) DEFAULT NULL,
  `LWBH` varchar(16) DEFAULT NULL,
  `KJCGRYBH` varchar(16) DEFAULT NULL,
  `stamp` timestamp(6) NOT NULL DEFAULT CURRENT_TIMESTAMP(6) ON UPDATE CURRENT_TIMESTAMP(6),
  `note` varchar(1024) DEFAULT NULL,
  PRIMARY KEY (`id`)
) ENGINE=InnoDB DEFAULT CHARSET=utf8;

-- ----------------------------
-- Records of dr_kjcgryxx_lw
-- ----------------------------
BEGIN;
COMMIT;

-- ----------------------------
-- Table structure for dr_kjcgryxx_zl
-- ----------------------------
DROP TABLE IF EXISTS `dr_kjcgryxx_zl`;
CREATE TABLE `dr_kjcgryxx_zl` (
  `id` int(11) NOT NULL AUTO_INCREMENT,
  `RYH` varchar(16) DEFAULT NULL,
  `JSM` varchar(16) DEFAULT NULL,
  `ZXZS` varchar(16) DEFAULT NULL,
  `PMZRS` varchar(16) DEFAULT NULL,
  `GXL` float DEFAULT NULL,
  `XM` varchar(16) DEFAULT NULL,
  `SZDW` varchar(16) DEFAULT NULL,
  `RYLX` varchar(16) DEFAULT NULL,
  `ZLCGBH` varchar(16) DEFAULT NULL,
  `KJCGRYBH` varchar(16) DEFAULT NULL,
  `SMSX` varchar(16) DEFAULT NULL,
  `stamp` timestamp(6) NOT NULL DEFAULT CURRENT_TIMESTAMP(6) ON UPDATE CURRENT_TIMESTAMP(6),
  `note` varchar(1024) DEFAULT NULL,
  PRIMARY KEY (`id`)
) ENGINE=InnoDB DEFAULT CHARSET=utf8;

-- ----------------------------
-- Records of dr_kjcgryxx_zl
-- ----------------------------
BEGIN;
COMMIT;

-- ----------------------------
-- Table structure for dr_kjcgryxx_zz
-- ----------------------------
DROP TABLE IF EXISTS `dr_kjcgryxx_zz`;
CREATE TABLE `dr_kjcgryxx_zz` (
  `id` int(11) NOT NULL AUTO_INCREMENT,
  `RYH` varchar(16) DEFAULT NULL,
  `JSM` varchar(16) DEFAULT NULL,
  `ZXZS` int(11) DEFAULT NULL,
  `PMZRS` varchar(16) DEFAULT NULL,
  `GXL` varchar(16) DEFAULT NULL,
  `XM` varchar(16) DEFAULT NULL,
  `DWH` varchar(16) DEFAULT NULL,
  `SZDW` varchar(16) DEFAULT NULL,
  `ZZBH` int(11) DEFAULT NULL,
  `KJCGRYBH` varchar(16) DEFAULT NULL,
  `SMSX` int(11) DEFAULT NULL,
  `stamp` timestamp(6) NOT NULL DEFAULT CURRENT_TIMESTAMP(6) ON UPDATE CURRENT_TIMESTAMP(6),
  `note` varchar(1024) DEFAULT NULL,
  PRIMARY KEY (`id`)
) ENGINE=InnoDB DEFAULT CHARSET=utf8;

-- ----------------------------
-- Records of dr_kjcgryxx_zz
-- ----------------------------
BEGIN;
COMMIT;

-- ----------------------------
-- Table structure for dr_kjlwfbxx
-- ----------------------------
DROP TABLE IF EXISTS `dr_kjlwfbxx`;
CREATE TABLE `dr_kjlwfbxx` (
  `id` int(11) NOT NULL AUTO_INCREMENT,
  `KWMC` varchar(16) DEFAULT NULL,
  `LWBH` varchar(16) DEFAULT NULL,
  `FBRQ` datetime DEFAULT NULL,
  `JH` varchar(16) DEFAULT NULL,
  `QH` varchar(16) DEFAULT NULL,
  `LRSJ` datetime DEFAULT NULL,
  `stamp` timestamp(6) NOT NULL DEFAULT CURRENT_TIMESTAMP(6) ON UPDATE CURRENT_TIMESTAMP(6),
  `note` varchar(1024) DEFAULT NULL,
  PRIMARY KEY (`id`)
) ENGINE=InnoDB DEFAULT CHARSET=utf8;

-- ----------------------------
-- Records of dr_kjlwfbxx
-- ----------------------------
BEGIN;
COMMIT;

-- ----------------------------
-- Table structure for dr_kjlwslqk
-- ----------------------------
DROP TABLE IF EXISTS `dr_kjlwslqk`;
CREATE TABLE `dr_kjlwslqk` (
  `id` int(11) NOT NULL AUTO_INCREMENT,
  `LWBH` varchar(16) DEFAULT NULL,
  `SLLX` varchar(16) DEFAULT NULL,
  `SLBH` varchar(16) DEFAULT NULL,
  `SLSJ` varchar(16) DEFAULT NULL,
  `SLQH` varchar(16) DEFAULT NULL,
  `stamp` timestamp(6) NOT NULL DEFAULT CURRENT_TIMESTAMP(6) ON UPDATE CURRENT_TIMESTAMP(6),
  `note` varchar(1024) DEFAULT NULL,
  PRIMARY KEY (`id`)
) ENGINE=InnoDB DEFAULT CHARSET=utf8;

-- ----------------------------
-- Records of dr_kjlwslqk
-- ----------------------------
BEGIN;
COMMIT;

-- ----------------------------
-- Table structure for dr_kjqklwjbsjxx
-- ----------------------------
DROP TABLE IF EXISTS `dr_kjqklwjbsjxx`;
CREATE TABLE `dr_kjqklwjbsjxx` (
  `id` int(11) NOT NULL AUTO_INCREMENT,
  `LWBH` varchar(16) DEFAULT NULL,
  `LWMC` varchar(128) DEFAULT NULL,
  `DWH` varchar(16) DEFAULT NULL,
  `LWLXM` varchar(16) DEFAULT NULL,
  `LZLBM` varchar(16) DEFAULT NULL,
  `XKLYM` varchar(16) DEFAULT NULL,
  `XKMLKJM` varchar(16) DEFAULT NULL,
  `XMLYM` varchar(16) DEFAULT NULL,
  `ZGYZM` varchar(16) DEFAULT NULL,
  `YZM` varchar(16) DEFAULT NULL,
  `SSXMBH` varchar(16) DEFAULT NULL,
  `SSJSLY` varchar(16) DEFAULT NULL,
  `LZSLQKM` varchar(16) DEFAULT NULL,
  `QTSLQK` varchar(16) DEFAULT NULL,
  `DYZZ` varchar(16) DEFAULT NULL,
  `DYZZBH` varchar(16) DEFAULT NULL,
  `XXSM` varchar(16) DEFAULT NULL,
  `YJXK` varchar(16) DEFAULT NULL,
  `CYRY` varchar(128) DEFAULT NULL,
  `TXZZ` varchar(16) DEFAULT NULL,
  `JSQK` varchar(128) DEFAULT NULL,
  `JQY` varchar(128) DEFAULT NULL,
  `WDWZZPX` varchar(16) DEFAULT NULL,
  `BZXYBJZDSYS` varchar(16) DEFAULT NULL,
  `stamp` timestamp(6) NOT NULL DEFAULT CURRENT_TIMESTAMP(6) ON UPDATE CURRENT_TIMESTAMP(6),
  `note` varchar(1024) DEFAULT NULL,
  PRIMARY KEY (`id`)
) ENGINE=InnoDB DEFAULT CHARSET=utf8;

-- ----------------------------
-- Records of dr_kjqklwjbsjxx
-- ----------------------------
BEGIN;
COMMIT;

-- ----------------------------
-- Table structure for dr_kjzzxx
-- ----------------------------
DROP TABLE IF EXISTS `dr_kjzzxx`;
CREATE TABLE `dr_kjzzxx` (
  `id` int(11) NOT NULL AUTO_INCREMENT,
  `ZZBH` varchar(16) DEFAULT NULL,
  `ZZMC` varchar(16) DEFAULT NULL,
  `DWH` varchar(16) DEFAULT NULL,
  `CBRQ` datetime DEFAULT NULL,
  `LZLBM` varchar(16) DEFAULT NULL,
  `CBS` varchar(16) DEFAULT NULL,
  `CBSJBM` varchar(16) DEFAULT NULL,
  `CBH` varchar(16) DEFAULT NULL,
  `ZZZS` int(11) DEFAULT NULL,
  `ISBNH` varchar(16) DEFAULT NULL,
  `DYZZ` varchar(16) DEFAULT NULL,
  `DYZZBH` varchar(16) DEFAULT NULL,
  `DWMC` varchar(16) DEFAULT NULL,
  `stamp` timestamp(6) NOT NULL DEFAULT CURRENT_TIMESTAMP(6) ON UPDATE CURRENT_TIMESTAMP(6),
  `note` varchar(1024) DEFAULT NULL,
  PRIMARY KEY (`id`)
) ENGINE=InnoDB DEFAULT CHARSET=utf8;

-- ----------------------------
-- Records of dr_kjzzxx
-- ----------------------------
BEGIN;
COMMIT;

-- ----------------------------
-- Table structure for dr_ksapxx
-- ----------------------------
DROP TABLE IF EXISTS `dr_ksapxx`;
CREATE TABLE `dr_ksapxx` (
  `id` int(11) NOT NULL AUTO_INCREMENT,
  `stamp` timestamp(6) NOT NULL DEFAULT CURRENT_TIMESTAMP(6) ON UPDATE CURRENT_TIMESTAMP(6),
  `note` varchar(1024) DEFAULT NULL,
  `KSRQ` datetime DEFAULT NULL,
  `KSSC` float DEFAULT NULL,
  `KSFSLXM` varchar(16) DEFAULT NULL,
  `KCH` varchar(16) DEFAULT NULL,
  `JKRGH` varchar(16) DEFAULT NULL,
  `KSJSH` varchar(16) DEFAULT NULL,
  `JKRXM` varchar(16) DEFAULT NULL,
  `KSRS` varchar(16) DEFAULT NULL,
  `SSXY` varchar(16) DEFAULT NULL,
  `JSSSXY` varchar(16) DEFAULT NULL,
  PRIMARY KEY (`id`)
) ENGINE=InnoDB DEFAULT CHARSET=utf8;

-- ----------------------------
-- Records of dr_ksapxx
-- ----------------------------
BEGIN;
COMMIT;

-- ----------------------------
-- Table structure for dr_pksjxx
-- ----------------------------
DROP TABLE IF EXISTS `dr_pksjxx`;
CREATE TABLE `dr_pksjxx` (
  `id` int(11) NOT NULL AUTO_INCREMENT,
  `JSGH` varchar(16) DEFAULT NULL,
  `KCH` varchar(16) DEFAULT NULL,
  `JSXM` varchar(16) DEFAULT NULL,
  `KKXND` varchar(16) DEFAULT NULL,
  `SKBJH` varchar(16) DEFAULT NULL,
  `KKXQM` datetime DEFAULT NULL,
  `ZXXS` varchar(16) DEFAULT NULL,
  `ZKJHXS` varchar(16) DEFAULT NULL,
  `SYZS` varchar(16) DEFAULT NULL,
  `JXMSJBM` varchar(16) DEFAULT NULL,
  `WYKCTJM` varchar(16) DEFAULT NULL,
  `KCJBM` varchar(16) DEFAULT NULL,
  `ZLXS` float DEFAULT NULL,
  `HBS` float DEFAULT NULL,
  `DWH` varchar(16) DEFAULT NULL,
  `DWMC` varchar(16) DEFAULT NULL,
  `stamp` timestamp(6) NOT NULL DEFAULT CURRENT_TIMESTAMP(6) ON UPDATE CURRENT_TIMESTAMP(6),
  `note` varchar(1024) DEFAULT NULL,
  PRIMARY KEY (`id`),
  UNIQUE KEY `_dr_pksjxx_jsgh_kch_kkxnd_kkxqm_skbjh_uc` (`JSGH`,`KCH`,`KKXND`,`KKXQM`,`SKBJH`)
) ENGINE=InnoDB DEFAULT CHARSET=utf8;

-- ----------------------------
-- Records of dr_pksjxx
-- ----------------------------
BEGIN;
COMMIT;

-- ----------------------------
-- Table structure for dr_pkzksjxx
-- ----------------------------
DROP TABLE IF EXISTS `dr_pkzksjxx`;
CREATE TABLE `dr_pkzksjxx` (
  `id` int(11) NOT NULL AUTO_INCREMENT,
  `JSGH` varchar(16) DEFAULT NULL,
  `KCH` varchar(16) DEFAULT NULL,
  `JSXM` varchar(16) DEFAULT NULL,
  `KKXND` varchar(16) DEFAULT NULL,
  `SKBJH` varchar(16) DEFAULT NULL,
  `KKXQM` datetime DEFAULT NULL,
  `ZXXS` varchar(16) DEFAULT NULL,
  `ZKJHXS` float DEFAULT NULL,
  `SYZS` varchar(16) DEFAULT NULL,
  `JXMSJBM` varchar(16) DEFAULT NULL,
  `WYKCTJM` varchar(16) DEFAULT NULL,
  `KCJBM` varchar(16) DEFAULT NULL,
  `ZLXS` varchar(16) DEFAULT NULL,
  `HBS` float DEFAULT NULL,
  `DWH` varchar(16) DEFAULT NULL,
  `DWMC` varchar(16) DEFAULT NULL,
  `stamp` timestamp(6) NOT NULL DEFAULT CURRENT_TIMESTAMP(6) ON UPDATE CURRENT_TIMESTAMP(6),
  `note` varchar(1024) DEFAULT NULL,
  PRIMARY KEY (`id`),
  UNIQUE KEY `_dr_pkzksjxx_jsgh_kch_kkxnd_kkxqm_skbjh_uc` (`JSGH`,`KCH`,`KKXND`,`KKXQM`,`SKBJH`)
) ENGINE=InnoDB DEFAULT CHARSET=utf8;

-- ----------------------------
-- Records of dr_pkzksjxx
-- ----------------------------
BEGIN;
COMMIT;

-- ----------------------------
-- Table structure for dr_sspksjxx
-- ----------------------------
DROP TABLE IF EXISTS `dr_sspksjxx`;
CREATE TABLE `dr_sspksjxx` (
  `id` int(11) NOT NULL AUTO_INCREMENT,
  `JSGH` varchar(16) DEFAULT NULL,
  `KCH` varchar(16) DEFAULT NULL,
  `JSXM` varchar(16) DEFAULT NULL,
  `KKXND` varchar(16) DEFAULT NULL,
  `SKBJH` varchar(16) DEFAULT NULL,
  `KKXQM` datetime DEFAULT NULL,
  `ZXXS` varchar(16) DEFAULT NULL,
  `SXZS` float DEFAULT NULL,
  `ZLXS` varchar(16) DEFAULT NULL,
  `HBS` float DEFAULT NULL,
  `stamp` timestamp(6) NOT NULL DEFAULT CURRENT_TIMESTAMP(6) ON UPDATE CURRENT_TIMESTAMP(6),
  `note` varchar(1024) DEFAULT NULL,
  PRIMARY KEY (`id`),
  UNIQUE KEY `_dr_sspksjxx_jsgh_kch_kkxnd_kkxqm_skbjh_uc` (`JSGH`,`KCH`,`KKXND`,`KKXQM`)
) ENGINE=InnoDB DEFAULT CHARSET=utf8;

-- ----------------------------
-- Records of dr_sspksjxx
-- ----------------------------
BEGIN;
COMMIT;

-- ----------------------------
-- Table structure for dr_sypksjxx
-- ----------------------------
DROP TABLE IF EXISTS `dr_sypksjxx`;
CREATE TABLE `dr_sypksjxx` (
  `id` int(11) NOT NULL AUTO_INCREMENT,
  `JSGH` varchar(16) DEFAULT NULL,
  `KCH` varchar(16) DEFAULT NULL,
  `JSXM` varchar(16) DEFAULT NULL,
  `KKXND` varchar(16) DEFAULT NULL,
  `SKBJH` varchar(16) DEFAULT NULL,
  `KKXQM` datetime DEFAULT NULL,
  `ZXXS` varchar(16) DEFAULT NULL,
  `KCJBM` varchar(16) DEFAULT NULL,
  `SYZS` float DEFAULT NULL,
  `ZLXS` varchar(16) DEFAULT NULL,
  `HBS` varchar(16) DEFAULT NULL,
  `stamp` timestamp(6) NOT NULL DEFAULT CURRENT_TIMESTAMP(6) ON UPDATE CURRENT_TIMESTAMP(6),
  `note` varchar(1024) DEFAULT NULL,
  PRIMARY KEY (`id`),
  UNIQUE KEY `_dr_sypksjxx_jsgh_kch_kkxnd_kkxqm_skbjh_uc` (`JSGH`,`KCH`,`KKXND`,`KKXQM`)
) ENGINE=InnoDB DEFAULT CHARSET=utf8;

-- ----------------------------
-- Records of dr_sypksjxx
-- ----------------------------
BEGIN;
COMMIT;

-- ----------------------------
-- Table structure for dr_xjjbsjxx
-- ----------------------------
DROP TABLE IF EXISTS `dr_xjjbsjxx`;
CREATE TABLE `dr_xjjbsjxx` (
  `id` int(11) NOT NULL AUTO_INCREMENT,
  `RXNY` varchar(16) DEFAULT NULL,
  `XSLBM` varchar(16) DEFAULT NULL,
  `SZBH` varchar(16) DEFAULT NULL,
  `SZNJ` varchar(16) DEFAULT NULL,
  `YXSH` varchar(16) DEFAULT NULL,
  `DWH` varchar(16) DEFAULT NULL,
  `SZDW` varchar(16) DEFAULT NULL,
  `ZYM` varchar(16) DEFAULT NULL,
  `XKMLM` varchar(16) DEFAULT NULL,
  `PYFSM` varchar(16) DEFAULT NULL,
  `YJFX` varchar(16) DEFAULT NULL,
  `DSXM` varchar(16) DEFAULT NULL,
  `DSH` varchar(16) DEFAULT NULL,
  `HDXLFSM` varchar(16) DEFAULT NULL,
  `SFXFZ` varchar(16) DEFAULT NULL,
  `PYCCM` varchar(16) DEFAULT NULL,
  `LDFS` varchar(16) DEFAULT NULL,
  `XSDQZTM` varchar(16) DEFAULT NULL,
  `XH` varchar(16) DEFAULT NULL,
  `XZ` varchar(16) DEFAULT NULL,
  `XJBH` varchar(16) DEFAULT NULL,
  `XXGXRQ` datetime DEFAULT NULL,
  `stamp` timestamp(6) NOT NULL DEFAULT CURRENT_TIMESTAMP(6) ON UPDATE CURRENT_TIMESTAMP(6),
  `note` varchar(1024) DEFAULT NULL,
  PRIMARY KEY (`id`)
) ENGINE=InnoDB DEFAULT CHARSET=utf8;

-- ----------------------------
-- Records of dr_xjjbsjxx
-- ----------------------------
BEGIN;
COMMIT;

-- ----------------------------
-- Table structure for dr_xmjfxx
-- ----------------------------
DROP TABLE IF EXISTS `dr_xmjfxx`;
CREATE TABLE `dr_xmjfxx` (
    `id` int(11) NOT NULL AUTO_INCREMENT,
    `XMBH` varchar(64) DEFAULT NULL,
    `XMMC` varchar(64) DEFAULT NULL,
    `FZRH` varchar(16) DEFAULT NULL,
    `XMJFLYM` varchar(16) DEFAULT NULL,
    `BRRQ` datetime DEFAULT NULL,
    `ZCRQ` datetime DEFAULT NULL,
    `XMSJJK` float DEFAULT NULL,
    `KYXMLX` varchar(16) DEFAULT NULL,
    `KYJFLX` varchar(16) DEFAULT NULL,
    `XMPZBH` varchar(64) DEFAULT NULL,
    `JBRXM` varchar(32) DEFAULT NULL,
    `stamp` timestamp(6) NOT NULL DEFAULT CURRENT_TIMESTAMP(6) ON UPDATE CURRENT_TIMESTAMP(6),
    `note` varchar(1024) DEFAULT NULL,
    PRIMARY KEY (`id`),
    UNIQUE KEY `XMBH` (`XMBH`),
    UNIQUE KEY `XMMC` (`XMMC`)
) ENGINE=InnoDB DEFAULT CHARSET=utf8;

-- ----------------------------
-- Table structure for dr_xmryxx
-- ----------------------------
DROP TABLE IF EXISTS `dr_xmryxx`;
CREATE TABLE `dr_xmryxx` (
    `id` int(11) NOT NULL AUTO_INCREMENT,
    `RYH` varchar(16) DEFAULT NULL,
    `GXL` float DEFAULT NULL,
    `MNGZYS` float DEFAULT NULL,
    `JSM` varchar(16) DEFAULT NULL,
    `RYLX` varchar(16) DEFAULT NULL,
    `SMSX` varchar(16) DEFAULT NULL,
    `XMBH` varchar(16) DEFAULT NULL,
    `XMMC` varchar(64) DEFAULT NULL,
    `XKMLKJM` varchar(16) DEFAULT NULL,
    `stamp` timestamp(6) NOT NULL DEFAULT CURRENT_TIMESTAMP(6) ON UPDATE CURRENT_TIMESTAMP(6),
    `note` varchar(1024) DEFAULT NULL,
    PRIMARY KEY (`id`),
    UNIQUE KEY `_dr_xmryxx_xmbh_ryh_uc` (`XMBH`,`RYH`)
) ENGINE=InnoDB DEFAULT CHARSET=utf8;

-- ----------------------------
-- Table structure for dr_xnxqxx
-- ----------------------------
DROP TABLE IF EXISTS `dr_xnxqxx`;
CREATE TABLE `dr_xnxqxx` (
  `id` int(11) NOT NULL AUTO_INCREMENT,
  `JZGH` varchar(16) DEFAULT NULL,
  `XQMC` varchar(16) DEFAULT NULL,
  `XQQSSJ` datetime DEFAULT NULL,
  `XNXQM` varchar(16) DEFAULT NULL,
  `XNDM` varchar(16) DEFAULT NULL,
  `XQDM` varchar(16) DEFAULT NULL,
  `XNMC` varchar(16) DEFAULT NULL,
  `QSSKZ` varchar(16) DEFAULT NULL,
  `ZZSKZ` varchar(16) DEFAULT NULL,
  `XQLXDM` varchar(16) DEFAULT NULL,
  `XQLXMC` varchar(16) DEFAULT NULL,
  `SFDQXQ` varchar(16) DEFAULT NULL,
  `stamp` timestamp(6) NOT NULL DEFAULT CURRENT_TIMESTAMP(6) ON UPDATE CURRENT_TIMESTAMP(6),
  `note` varchar(1024) DEFAULT NULL,
  PRIMARY KEY (`id`),
  UNIQUE KEY `_dr_sypksjxx_jsgh_kch_kkxnd_kkxqm_skbjh_uc` (`XNDM`,`XQDM`,`XQQSSJ`),
  UNIQUE KEY `XQQSSJ` (`XQQSSJ`)
) ENGINE=InnoDB DEFAULT CHARSET=utf8;

-- ----------------------------
-- Records of dr_xnxqxx
-- ----------------------------
BEGIN;
COMMIT;

-- ----------------------------
-- Table structure for dr_xwlwxx
-- ----------------------------
DROP TABLE IF EXISTS `dr_xwlwxx`;
CREATE TABLE `dr_xwlwxx` (
  `id` int(11) NOT NULL AUTO_INCREMENT,
  `LWBH` varchar(16) DEFAULT NULL,
  `LWTM` varchar(16) DEFAULT NULL,
  `LWLX` varchar(16) DEFAULT NULL,
  `LWYWTM` varchar(16) DEFAULT NULL,
  `LWZTC` varchar(16) DEFAULT NULL,
  `LWYWZTC` varchar(16) DEFAULT NULL,
  `ZDRXM` varchar(16) DEFAULT NULL,
  `ZDRH` varchar(16) DEFAULT NULL,
  `DWMC` varchar(16) DEFAULT NULL,
  `DWH` varchar(16) DEFAULT NULL,
  `ZWZY` varchar(16) DEFAULT NULL,
  `YWZY` varchar(16) DEFAULT NULL,
  `GJJF` varchar(16) DEFAULT NULL,
  `LWZZRQ` varchar(16) DEFAULT NULL,
  `LWZS` varchar(16) DEFAULT NULL,
  `LWMJM` varchar(16) DEFAULT NULL,
  `LWLXM` varchar(16) DEFAULT NULL,
  `LWXTLY` varchar(16) DEFAULT NULL,
  `LWHJJBM` varchar(16) DEFAULT NULL,
  `JLDJM` varchar(16) DEFAULT NULL,
  `LWZTFLH` varchar(16) DEFAULT NULL,
  `XH` datetime DEFAULT NULL,
  `stamp` timestamp(6) NOT NULL DEFAULT CURRENT_TIMESTAMP(6) ON UPDATE CURRENT_TIMESTAMP(6),
  `note` varchar(1024) DEFAULT NULL,
  PRIMARY KEY (`id`),
  UNIQUE KEY `_kh_khpc_dwh_khnf_uc` (`LWBH`)
) ENGINE=InnoDB DEFAULT CHARSET=utf8;

-- ----------------------------
-- Records of dr_xwlwxx
-- ----------------------------
BEGIN;
COMMIT;

-- ----------------------------
-- Table structure for dr_yjsdspygx
-- ----------------------------
DROP TABLE IF EXISTS `dr_yjsdspygx`;
CREATE TABLE `dr_yjsdspygx` (
  `id` int(11) NOT NULL AUTO_INCREMENT,
  `XSXH` varchar(16) DEFAULT NULL,
  `XSXM` varchar(16) DEFAULT NULL,
  `XSLBM` varchar(16) DEFAULT NULL,
  `PYFSM` varchar(16) DEFAULT NULL,
  `XSDQZTM` varchar(16) DEFAULT NULL,
  `JZGH` varchar(16) DEFAULT NULL,
  `XM` varchar(16) DEFAULT NULL,
  `DWH` varchar(16) DEFAULT NULL,
  `SZDW` varchar(16) DEFAULT NULL,
  `SFFDS` varchar(16) DEFAULT NULL,
  `FPXS` float DEFAULT NULL,
  `XXGXRQ` datetime DEFAULT NULL,
  `stamp` timestamp(6) NOT NULL DEFAULT CURRENT_TIMESTAMP(6) ON UPDATE CURRENT_TIMESTAMP(6),
  `note` varchar(1024) DEFAULT NULL,
  PRIMARY KEY (`id`)
) ENGINE=InnoDB DEFAULT CHARSET=utf8;

-- ----------------------------
-- Records of dr_yjsdspygx
-- ----------------------------
BEGIN;
COMMIT;

-- ----------------------------
-- Table structure for dr_yjsdsxx
-- ----------------------------
DROP TABLE IF EXISTS `dr_yjsdsxx`;
CREATE TABLE `dr_yjsdsxx` (
  `id` int(11) NOT NULL AUTO_INCREMENT,
  `JZGH` varchar(16) DEFAULT NULL,
  `DSLBM` varchar(16) DEFAULT NULL,
  `RDSNY` varchar(16) DEFAULT NULL,
  `XWSYDWM` varchar(16) DEFAULT NULL,
  `DWMC` varchar(16) DEFAULT NULL,
  `WYZJ` varchar(16) DEFAULT NULL,
  `stamp` timestamp(6) NOT NULL DEFAULT CURRENT_TIMESTAMP(6) ON UPDATE CURRENT_TIMESTAMP(6),
  `note` varchar(1024) DEFAULT NULL,
  PRIMARY KEY (`id`)
) ENGINE=InnoDB DEFAULT CHARSET=utf8;

-- ----------------------------
-- Records of dr_yjsdsxx
-- ----------------------------
BEGIN;
COMMIT;

-- ----------------------------
-- Table structure for dr_yjspksjxx
-- ----------------------------
DROP TABLE IF EXISTS `dr_yjspksjxx`;
CREATE TABLE `dr_yjspksjxx` (
  `id` int(11) NOT NULL AUTO_INCREMENT,
  `JSGH` varchar(16) DEFAULT NULL,
  `KCH` varchar(16) DEFAULT NULL,
  `JSXM` varchar(16) DEFAULT NULL,
  `KKXND` varchar(16) DEFAULT NULL,
  `SKBJH` varchar(16) DEFAULT NULL,
  `KKXQM` datetime DEFAULT NULL,
  `ZXXS` varchar(16) DEFAULT NULL,
  `ZKJHXS` varchar(16) DEFAULT NULL,
  `SYZS` varchar(16) DEFAULT NULL,
  `JXMSJBM` varchar(16) DEFAULT NULL,
  `WYKCTJM` varchar(16) DEFAULT NULL,
  `KCJBM` varchar(16) DEFAULT NULL,
  `ZLXS` varchar(16) DEFAULT NULL,
  `HBS` varchar(16) DEFAULT NULL,
  `stamp` timestamp(6) NOT NULL DEFAULT CURRENT_TIMESTAMP(6) ON UPDATE CURRENT_TIMESTAMP(6),
  `note` varchar(1024) DEFAULT NULL,
  PRIMARY KEY (`id`),
  UNIQUE KEY `_dr_yjspksjxx_jsgh_kch_kkxnd_kkxqm_skbjh_uc` (`JSGH`,`KCH`,`KKXND`,`KKXQM`)
) ENGINE=InnoDB DEFAULT CHARSET=utf8;

-- ----------------------------
-- Records of dr_yjspksjxx
-- ----------------------------
BEGIN;
COMMIT;

-- ----------------------------
-- Table structure for dr_zdbylwsjxx
-- ----------------------------
DROP TABLE IF EXISTS `dr_zdbylwsjxx`;
CREATE TABLE `dr_zdbylwsjxx` (
  `id` int(11) NOT NULL AUTO_INCREMENT,
  `stamp` timestamp(6) NOT NULL DEFAULT CURRENT_TIMESTAMP(6) ON UPDATE CURRENT_TIMESTAMP(6),
  `note` varchar(1024) DEFAULT NULL,
  `JZGH` varchar(16) DEFAULT NULL,
  `JSXM` varchar(16) DEFAULT NULL,
  `ZDZS` float DEFAULT NULL,
  `XQ` datetime DEFAULT NULL,
  `ZDPTXSS` float DEFAULT NULL,
  `ZDSYXSS` float DEFAULT NULL,
  `JXMSJBM` varchar(16) DEFAULT NULL,
  PRIMARY KEY (`id`)
) ENGINE=InnoDB DEFAULT CHARSET=utf8;

-- ----------------------------
-- Records of dr_zdbylwsjxx
-- ----------------------------
BEGIN;
COMMIT;

-- ----------------------------
-- Table structure for dr_zlcgjbsjxx
-- ----------------------------
DROP TABLE IF EXISTS `dr_zlcgjbsjxx`;
CREATE TABLE `dr_zlcgjbsjxx` (
  `id` int(11) NOT NULL AUTO_INCREMENT,
  `ZLCGBH` varchar(16) DEFAULT NULL,
  `ZLCGMC` varchar(128) DEFAULT NULL,
  `DWH` varchar(128) DEFAULT NULL,
  `SQBH` varchar(16) DEFAULT NULL,
  `XKLYM` varchar(16) DEFAULT NULL,
  `ZLLXM` varchar(16) DEFAULT NULL,
  `PZRQ` datetime DEFAULT NULL,
  `PZXSM` varchar(16) DEFAULT NULL,
  `ZLZSBH` varchar(16) DEFAULT NULL,
  `FLZTM` varchar(16) DEFAULT NULL,
  `JNZLNFRQ` datetime DEFAULT NULL,
  `JNJE` varchar(16) DEFAULT NULL,
  `SSXMBH` varchar(16) DEFAULT NULL,
  `GJDQM` varchar(16) DEFAULT NULL,
  `GJZLZFLH` varchar(16) DEFAULT NULL,
  `PCTHZLGJDQM` varchar(16) DEFAULT NULL,
  `SQGGH` varchar(16) DEFAULT NULL,
  `SQGGRQ` datetime DEFAULT NULL,
  `SQMC` varchar(16) DEFAULT NULL,
  `ZLDLJG` varchar(30) DEFAULT NULL,
  `ZLDLR` varchar(16) DEFAULT NULL,
  `ZLQR` varchar(16) DEFAULT NULL,
  `ZLZZRQ` datetime DEFAULT NULL,
  `XKMLKJM` varchar(16) DEFAULT NULL,
  `ZLSQRQ` varchar(16) DEFAULT NULL,
  `ZZM` varchar(16) DEFAULT NULL,
  `ZZBH` varchar(16) DEFAULT NULL,
  `stamp` timestamp(6) NOT NULL DEFAULT CURRENT_TIMESTAMP(6) ON UPDATE CURRENT_TIMESTAMP(6),
  `note` varchar(1024) DEFAULT NULL,
  PRIMARY KEY (`id`),
  UNIQUE KEY `_dr_zlcgjbsjxx_zlcgbh_sqbh_uc` (`ZLCGBH`,`SQBH`)
) ENGINE=InnoDB DEFAULT CHARSET=utf8;

-- ----------------------------
-- Records of dr_zlcgjbsjxx
-- ----------------------------
BEGIN;
COMMIT;

-- ----------------------------
-- Table structure for dr_zlcsxx
-- ----------------------------
DROP TABLE IF EXISTS `dr_zlcsxx`;
CREATE TABLE `dr_zlcsxx` (
  `id` int(11) NOT NULL AUTO_INCREMENT,
  `CSRQ` datetime DEFAULT NULL,
  `CSJE` float DEFAULT NULL,
  `SSDW` varchar(16) DEFAULT NULL,
  `GJDQM` varchar(16) DEFAULT NULL,
  `BNSJSR` float DEFAULT NULL,
  `XKMLKJM` varchar(16) DEFAULT NULL,
  `ZLCGBH` varchar(16) DEFAULT NULL,
  `stamp` timestamp(6) NOT NULL DEFAULT CURRENT_TIMESTAMP(6) ON UPDATE CURRENT_TIMESTAMP(6),
  `note` varchar(1024) DEFAULT NULL,
  PRIMARY KEY (`id`)
) ENGINE=InnoDB DEFAULT CHARSET=utf8;

-- ----------------------------
-- Records of dr_zlcsxx
-- ----------------------------
BEGIN;
COMMIT;

-- ----------------------------
-- Table structure for dr_zzjgjbsjxx
-- ----------------------------
DROP TABLE IF EXISTS `dr_zzjgjbsjxx`;
CREATE TABLE `dr_zzjgjbsjxx` (
  `id` int(11) NOT NULL AUTO_INCREMENT,
  `DWH` varchar(128) DEFAULT NULL,
  `DWMC` varchar(128) DEFAULT NULL,
  `DWYWMC` varchar(128) DEFAULT NULL,
  `DWJC` varchar(128) DEFAULT NULL,
  `DWYWJC` varchar(128) DEFAULT NULL,
  `DWJP` varchar(128) DEFAULT NULL,
  `DWDZ` varchar(128) DEFAULT NULL,
  `SZXQ` varchar(128) DEFAULT NULL,
  `LSDWH` varchar(128) DEFAULT NULL,
  `DWLBM` varchar(128) DEFAULT NULL,
  `DWBBM` varchar(128) DEFAULT NULL,
  `DWYXBS` varchar(128) DEFAULT NULL,
  `SXRQ` datetime DEFAULT NULL,
  `SFST` varchar(128) DEFAULT NULL,
  `JLNY` datetime DEFAULT NULL,
  `DWFZRH` varchar(128) DEFAULT NULL,
  `note` varchar(1024) DEFAULT NULL,
  `stamp` timestamp(6) NOT NULL DEFAULT CURRENT_TIMESTAMP(6) ON UPDATE CURRENT_TIMESTAMP(6),
  PRIMARY KEY (`id`),
  UNIQUE KEY `DWH` (`DWH`)
) ENGINE=InnoDB AUTO_INCREMENT=31 DEFAULT CHARSET=utf8;

-- ----------------------------
-- Records of dr_zzjgjbsjxx
-- ----------------------------
BEGIN;
INSERT INTO `dr_zzjgjbsjxx` VALUES (13, '00000D', '', 'ITC', '', '', '', '', '', '00000C', '', '', '', '2099-12-31 00:00:00', '', '1954-01-01 00:00:00', '', '', '2021-03-28 13:56:12.904036');
INSERT INTO `dr_zzjgjbsjxx` VALUES (14, '1234', '', '', '', '', '', '', '', '00000B', '', '', '', '2021-01-01 00:00:00', '', '1920-01-01 00:00:00', '', '', '2021-03-17 02:45:15.226933');
INSERT INTO `dr_zzjgjbsjxx` VALUES (28, '00000A', '', 'NEU', NULL, NULL, NULL, NULL, NULL, NULL, NULL, NULL, NULL, '2099-12-31 00:00:00', NULL, '1909-01-01 00:00:00', NULL, '985', '2021-02-18 12:14:40.767352');
INSERT INTO `dr_zzjgjbsjxx` VALUES (29, '00000B', '', 'ITC', '', '', '', '', '', '00000A', '', '', NULL, '2099-01-01 00:00:00', '', '1909-01-01 00:00:00', '', '', '2021-02-18 12:14:40.767352');
INSERT INTO `dr_zzjgjbsjxx` VALUES (30, '00000C', '', 'MTC', '', NULL, NULL, NULL, NULL, '00000A', NULL, NULL, NULL, '2099-12-31 00:00:00', NULL, '1935-01-01 00:00:00', NULL, '', '2021-05-14 05:15:52.930510');
COMMIT;

-- ----------------------------
-- Table structure for jx_menu
-- ----------------------------
DROP TABLE IF EXISTS `jx_menu`;
CREATE TABLE `jx_menu` (
  `id` int(11) NOT NULL AUTO_INCREMENT,
  `menu_name` varchar(128) NOT NULL,
  `menu_classify` varchar(128) NOT NULL,
  `menu_addr` varchar(128) NOT NULL,
  `menu_icon` varchar(128) DEFAULT NULL,
  PRIMARY KEY (`id`)
) ENGINE=InnoDB AUTO_INCREMENT=54 DEFAULT CHARSET=utf8;

-- ----------------------------
-- Records of jx_menu
-- ----------------------------
BEGIN;
INSERT INTO `jx_menu` VALUES (1, '', '', '/jx/role_manage/', 'z11');
INSERT INTO `jx_menu` VALUES (2, '', '', '/jx/role_assign/', 'z12');
INSERT INTO `jx_menu` VALUES (3, '', '', '/jx/base/zzjgjbsjxx/', '211');
INSERT INTO `jx_menu` VALUES (4, '', '', '/jx/base/jzgjcsjxx/', '212');
INSERT INTO `jx_menu` VALUES (5, '', '', '/jx/base/xmjfxx/', '611');
INSERT INTO `jx_menu` VALUES (6, '', '', '/jx/khpc/', 'y11');
INSERT INTO `jx_menu` VALUES (7, '', '', '/jx/jxkhgz/', 'y12');
INSERT INTO `jx_menu` VALUES (8, '', '', '/jx/khgzdz/', 'y13');
INSERT INTO `jx_menu` VALUES (9, '', '', '/jx/khjgmx/', 'y14');
INSERT INTO `jx_menu` VALUES (10, '', '', '/jx/khjghz/', 'y15');
INSERT INTO `jx_menu` VALUES (12, '', '', '/jx/bcykh/', 'y16');
INSERT INTO `jx_menu` VALUES (13, '', '', '/jx/base/hjcgjbsjxx/', '612');
INSERT INTO `jx_menu` VALUES (14, '', '', '/jx/base/xmryxx/', '623');
INSERT INTO `jx_menu` VALUES (15, '()', '', '/jx/base/kjcgryxx_jl/', '630');
INSERT INTO `jx_menu` VALUES (16, '()', '', '/jx/base/kjcgryxx_lw/', '631');
INSERT INTO `jx_menu` VALUES (17, '', '', '/jx/base/bksjxzxs/', '400');
INSERT INTO `jx_menu` VALUES (18, '', '', '/jx/base/sxxss/', '401');
INSERT INTO `jx_menu` VALUES (19, '', '', '/jx/base/zdsyxss/', '402');
INSERT INTO `jx_menu` VALUES (20, '', '', '/jx/base/jkxss/', '403');
INSERT INTO `jx_menu` VALUES (21, '', '', '/jx/base/zlcgjbsjxx/', '633');
INSERT INTO `jx_menu` VALUES (22, '', '', '/jx/base/xshyxx/', '632');
INSERT INTO `jx_menu` VALUES (23, '', '', '/jx/base/jcjbsjxx/', '404');
INSERT INTO `jx_menu` VALUES (24, '', '', '/jx/base/kjcgryxx_zz/', '634');
INSERT INTO `jx_menu` VALUES (25, '', '', '/jx/base/zdbylwxss/', '405');
INSERT INTO `jx_menu` VALUES (26, '', '', '/jx/base/xnxqxx/', '424');
INSERT INTO `jx_menu` VALUES (27, '', '', '/jx/base/kcsjxx/', '425');
INSERT INTO `jx_menu` VALUES (29, '', '', '/jx/base/kcsjxss/', '426');
INSERT INTO `jx_menu` VALUES (30, '', '', '/jx/base/yjsjxzxs/', '427');
INSERT INTO `jx_menu` VALUES (31, '', '', '/jx/base/bkszkjxzxs/', '428');
INSERT INTO `jx_menu` VALUES (32, '', '', '/jx/base/kjzzxx/', '635');
INSERT INTO `jx_menu` VALUES (33, '()', '', '/jx/base/kjcgryxx_zz/', '636');
INSERT INTO `jx_menu` VALUES (34, '', '', '/jx/base/xjjbsjxx/', '221');
INSERT INTO `jx_menu` VALUES (35, '', '', '/jx/base/yjsdsxx/', '222');
INSERT INTO `jx_menu` VALUES (36, '', '', '/jx/base/yjsdspygx/', '431');
INSERT INTO `jx_menu` VALUES (37, '', '', '/jx/base/jxhjxx/', '432');
INSERT INTO `jx_menu` VALUES (38, '', '', '/jx/base/jxcgwcrxx/', '433');
INSERT INTO `jx_menu` VALUES (39, '', '', '/jx/base/zddxskwkjhd/', '434');
INSERT INTO `jx_menu` VALUES (40, '', '', '/jx/base/zdyxlwj/', '436');
INSERT INTO `jx_menu` VALUES (41, '', '', '/jx/base/jcbzxx/', '437');
INSERT INTO `jx_menu` VALUES (42, '', '', '/jx/base/jgxmxx/', '438');

COMMIT;

-- ----------------------------
-- Table structure for jx_role
-- ----------------------------
DROP TABLE IF EXISTS `jx_role`;
CREATE TABLE `jx_role` (
  `id` int(11) NOT NULL AUTO_INCREMENT,
  `role_name` varchar(64) NOT NULL,
  PRIMARY KEY (`id`)
) ENGINE=InnoDB AUTO_INCREMENT=5 DEFAULT CHARSET=utf8;

-- ----------------------------
-- Records of jx_role
-- ----------------------------
BEGIN;
INSERT INTO `jx_role` VALUES (1, '');
INSERT INTO `jx_role` VALUES (2, '');
INSERT INTO `jx_role` VALUES (3, '');
INSERT INTO `jx_role` VALUES (4, '');
COMMIT;

-- ----------------------------
-- Table structure for jx_role_menu
-- ----------------------------
DROP TABLE IF EXISTS `jx_role_menu`;
CREATE TABLE `jx_role_menu` (
  `id` int(11) NOT NULL AUTO_INCREMENT,
  `role_id` int(11) NOT NULL,
  `menu_id` int(11) NOT NULL,
  `permission` varchar(1024) DEFAULT 'n,n,n,n,n,n',
  PRIMARY KEY (`id`),
  UNIQUE KEY `jx_role_menu_role_id_menu_id_db4f98e9_uniq` (`role_id`,`menu_id`),
  KEY `jx_role_menu_menu_id_8a8f7bb1_fk_jx_menu_id` (`menu_id`),
  CONSTRAINT `jx_role_menu_menu_id_8a8f7bb1_fk_jx_menu_id` FOREIGN KEY (`menu_id`) REFERENCES `jx_menu` (`id`),
  CONSTRAINT `jx_role_menu_role_id_3cfa6a3a_fk_jx_role_id` FOREIGN KEY (`role_id`) REFERENCES `jx_role` (`id`)
) ENGINE=InnoDB AUTO_INCREMENT=128 DEFAULT CHARSET=utf8;

-- ----------------------------
-- Records of jx_role_menu
-- ----------------------------
BEGIN;
INSERT INTO `jx_role_menu` VALUES (1, 1, 1, 'n,n,n,n,y,n');
INSERT INTO `jx_role_menu` VALUES (3, 1, 2, 'y,y,n,n,n,n');
INSERT INTO `jx_role_menu` VALUES (8, 1, 3, 'y,y,y,y,y,y');
INSERT INTO `jx_role_menu` VALUES (9, 1, 4, 'y,y,y,y,y,y');
INSERT INTO `jx_role_menu` VALUES (10, 1, 5, 'y,y,y,y,y,y');
INSERT INTO `jx_role_menu` VALUES (11, 1, 6, 'y,y,y,y,y,y');
INSERT INTO `jx_role_menu` VALUES (12, 1, 7, 'y,y,y,y,y,y');
INSERT INTO `jx_role_menu` VALUES (13, 1, 8, 'y,y,y,y,y,y');
INSERT INTO `jx_role_menu` VALUES (14, 1, 9, 'y,y,y,y,y,y');
INSERT INTO `jx_role_menu` VALUES (18, 1, 13, 'y,y,y,y,y,y');
INSERT INTO `jx_role_menu` VALUES (21, 1, 10, 'y,y,y,y,y,y');
INSERT INTO `jx_role_menu` VALUES (22, 1, 12, 'y,y,y,y,y,y');
INSERT INTO `jx_role_menu` VALUES (25, 2, 6, 'y,y,y,y,y,y');
INSERT INTO `jx_role_menu` VALUES (26, 2, 3, 'y,y,y,y,y,y');
INSERT INTO `jx_role_menu` VALUES (27, 2, 4, 'y,y,y,y,y,y');
INSERT INTO `jx_role_menu` VALUES (28, 2, 5, 'y,y,y,y,y,y');
INSERT INTO `jx_role_menu` VALUES (29, 2, 7, 'y,y,y,y,y,y');
INSERT INTO `jx_role_menu` VALUES (30, 2, 8, 'y,y,y,y,y,y');
INSERT INTO `jx_role_menu` VALUES (31, 2, 9, 'y,y,y,y,y,y');
INSERT INTO `jx_role_menu` VALUES (32, 2, 10, 'y,y,y,y,y,y');
INSERT INTO `jx_role_menu` VALUES (33, 2, 12, 'y,y,y,y,y,y');
INSERT INTO `jx_role_menu` VALUES (34, 2, 13, 'y,y,y,y,y,y');
INSERT INTO `jx_role_menu` VALUES (35, 2, 2, 'y,y,y,y,y,y');
INSERT INTO `jx_role_menu` VALUES (37, 3, 3, 'y,y,y,y,y,y');
INSERT INTO `jx_role_menu` VALUES (38, 3, 4, 'y,y,y,y,y,y');
INSERT INTO `jx_role_menu` VALUES (39, 3, 5, 'y,y,y,y,y,y');
INSERT INTO `jx_role_menu` VALUES (40, 3, 6, 'y,y,y,y,y,y');
INSERT INTO `jx_role_menu` VALUES (41, 3, 7, 'y,y,y,y,y,y');
INSERT INTO `jx_role_menu` VALUES (42, 3, 8, 'y,y,y,y,y,y');
INSERT INTO `jx_role_menu` VALUES (43, 3, 9, 'y,y,y,y,y,y');
INSERT INTO `jx_role_menu` VALUES (44, 3, 10, 'y,y,y,y,y,y');
INSERT INTO `jx_role_menu` VALUES (45, 3, 12, 'y,y,y,y,y,y');
INSERT INTO `jx_role_menu` VALUES (46, 3, 13, 'y,y,y,y,y,y');
INSERT INTO `jx_role_menu` VALUES (48, 4, 3, 'n,n,n,y,n,y');
INSERT INTO `jx_role_menu` VALUES (49, 4, 4, 'n,n,y,y,n,y');
INSERT INTO `jx_role_menu` VALUES (50, 4, 5, 'y,y,y,y,y,y');
INSERT INTO `jx_role_menu` VALUES (52, 4, 7, 'n,n,n,y,n,n');
INSERT INTO `jx_role_menu` VALUES (53, 4, 8, 'n,n,n,y,n,n');
INSERT INTO `jx_role_menu` VALUES (54, 4, 9, 'n,n,n,y,n,y');
INSERT INTO `jx_role_menu` VALUES (55, 4, 10, 'n,n,n,y,n,n');
INSERT INTO `jx_role_menu` VALUES (56, 4, 12, 'n,n,n,y,n,n');
INSERT INTO `jx_role_menu` VALUES (57, 4, 13, 'n,n,n,n,n,n');
INSERT INTO `jx_role_menu` VALUES (58, 4, 6, 'n,n,n,y,n,n');
INSERT INTO `jx_role_menu` VALUES (59, 1, 14, 'y,y,y,y,y,y');
INSERT INTO `jx_role_menu` VALUES (60, 1, 15, 'y,y,y,y,y,y');
INSERT INTO `jx_role_menu` VALUES (61, 1, 16, 'y,y,y,y,y,y');
INSERT INTO `jx_role_menu` VALUES (62, 1, 17, 'n,n,n,n,n,n');
INSERT INTO `jx_role_menu` VALUES (63, 1, 18, 'n,n,n,n,n,n');
INSERT INTO `jx_role_menu` VALUES (64, 1, 19, 'n,n,n,n,n,n');
INSERT INTO `jx_role_menu` VALUES (65, 1, 20, 'n,n,n,n,n,n');
INSERT INTO `jx_role_menu` VALUES (66, 1, 21, 'y,y,y,y,y,y');
INSERT INTO `jx_role_menu` VALUES (67, 1, 22, 'n,n,n,n,n,n');
INSERT INTO `jx_role_menu` VALUES (68, 1, 23, 'n,n,n,n,n,n');
INSERT INTO `jx_role_menu` VALUES (69, 2, 14, 'y,y,y,y,y,y');
INSERT INTO `jx_role_menu` VALUES (70, 2, 15, 'n,n,n,n,n,n');
INSERT INTO `jx_role_menu` VALUES (71, 2, 16, 'n,n,n,n,n,n');
INSERT INTO `jx_role_menu` VALUES (72, 2, 17, 'n,n,n,n,n,n');
INSERT INTO `jx_role_menu` VALUES (73, 2, 18, 'n,n,n,n,n,n');
INSERT INTO `jx_role_menu` VALUES (74, 2, 19, 'n,n,n,n,n,n');
INSERT INTO `jx_role_menu` VALUES (75, 2, 20, 'n,n,n,n,n,n');
INSERT INTO `jx_role_menu` VALUES (76, 2, 21, 'n,n,n,n,n,n');
INSERT INTO `jx_role_menu` VALUES (77, 2, 22, 'n,n,n,n,n,n');
INSERT INTO `jx_role_menu` VALUES (78, 2, 23, 'n,n,n,n,n,n');
INSERT INTO `jx_role_menu` VALUES (79, 3, 14, 'n,n,n,n,n,n');
INSERT INTO `jx_role_menu` VALUES (80, 3, 15, 'n,n,n,n,n,n');
INSERT INTO `jx_role_menu` VALUES (81, 3, 16, 'n,n,n,n,n,n');
INSERT INTO `jx_role_menu` VALUES (82, 3, 17, 'n,n,n,n,n,n');
INSERT INTO `jx_role_menu` VALUES (83, 3, 18, 'n,n,n,n,n,n');
INSERT INTO `jx_role_menu` VALUES (84, 3, 19, 'n,n,n,n,n,n');
INSERT INTO `jx_role_menu` VALUES (85, 3, 20, 'n,n,n,n,n,n');
INSERT INTO `jx_role_menu` VALUES (86, 3, 21, 'n,n,n,n,n,n');
INSERT INTO `jx_role_menu` VALUES (87, 3, 22, 'n,n,n,n,n,n');
INSERT INTO `jx_role_menu` VALUES (88, 3, 23, 'n,n,n,n,n,n');
INSERT INTO `jx_role_menu` VALUES (89, 1, 24, 'n,n,n,n,n,n');
INSERT INTO `jx_role_menu` VALUES (90, 1, 25, 'n,n,n,n,n,n');
INSERT INTO `jx_role_menu` VALUES (91, 2, 24, 'n,n,n,n,n,n');
INSERT INTO `jx_role_menu` VALUES (92, 2, 25, 'n,n,n,n,n,n');
INSERT INTO `jx_role_menu` VALUES (93, 3, 24, 'n,n,n,n,n,n');
INSERT INTO `jx_role_menu` VALUES (94, 3, 25, 'n,n,n,n,n,n');
INSERT INTO `jx_role_menu` VALUES (95, 4, 14, 'n,n,n,n,n,n');
INSERT INTO `jx_role_menu` VALUES (96, 4, 15, 'n,n,n,n,n,n');
INSERT INTO `jx_role_menu` VALUES (97, 4, 16, 'n,n,n,n,n,n');
INSERT INTO `jx_role_menu` VALUES (98, 4, 17, 'n,n,n,n,n,n');
INSERT INTO `jx_role_menu` VALUES (99, 4, 18, 'n,n,n,n,n,n');
INSERT INTO `jx_role_menu` VALUES (100, 4, 19, 'n,n,n,n,n,n');
INSERT INTO `jx_role_menu` VALUES (101, 4, 20, 'n,n,n,n,n,n');
INSERT INTO `jx_role_menu` VALUES (102, 4, 21, 'n,n,n,n,n,n');
INSERT INTO `jx_role_menu` VALUES (103, 4, 22, 'n,n,n,n,n,n');
INSERT INTO `jx_role_menu` VALUES (104, 4, 23, 'n,n,n,n,n,n');
INSERT INTO `jx_role_menu` VALUES (105, 4, 24, 'n,n,n,n,n,n');
INSERT INTO `jx_role_menu` VALUES (106, 4, 25, 'n,n,n,n,n,n');
INSERT INTO `jx_role_menu` VALUES (107, 3, 2, 'n,n,n,n,n,n');
INSERT INTO `jx_role_menu` VALUES (108, 1, 26, 'n,n,n,n,n,n');
INSERT INTO `jx_role_menu` VALUES (109, 1, 27, 'n,n,n,n,n,n');
INSERT INTO `jx_role_menu` VALUES (110, 1, 29, 'n,n,n,n,n,n');
INSERT INTO `jx_role_menu` VALUES (111, 1, 30, 'n,n,n,n,n,n');
INSERT INTO `jx_role_menu` VALUES (112, 1, 31, 'n,n,n,n,n,n');
INSERT INTO `jx_role_menu` VALUES (113, 2, 26, 'n,n,n,n,n,n');
INSERT INTO `jx_role_menu` VALUES (114, 2, 27, 'n,n,n,n,n,n');
INSERT INTO `jx_role_menu` VALUES (115, 2, 29, 'n,n,n,n,n,n');
INSERT INTO `jx_role_menu` VALUES (116, 2, 30, 'n,n,n,n,n,n');
INSERT INTO `jx_role_menu` VALUES (117, 2, 31, 'n,n,n,n,n,n');
INSERT INTO `jx_role_menu` VALUES (118, 3, 26, 'n,n,n,n,n,n');
INSERT INTO `jx_role_menu` VALUES (119, 3, 27, 'n,n,n,n,n,n');
INSERT INTO `jx_role_menu` VALUES (120, 3, 29, 'n,n,n,n,n,n');
INSERT INTO `jx_role_menu` VALUES (121, 3, 30, 'n,n,n,n,n,n');
INSERT INTO `jx_role_menu` VALUES (122, 3, 31, 'n,n,n,n,n,n');
INSERT INTO `jx_role_menu` VALUES (123, 4, 26, 'n,n,n,n,n,n');
INSERT INTO `jx_role_menu` VALUES (124, 4, 27, 'n,n,n,n,n,n');
INSERT INTO `jx_role_menu` VALUES (125, 4, 29, 'n,n,n,n,n,n');
INSERT INTO `jx_role_menu` VALUES (126, 4, 30, 'n,n,n,n,n,n');
INSERT INTO `jx_role_menu` VALUES (127, 4, 31, 'n,n,n,n,n,n');
COMMIT;

-- ----------------------------
-- Table structure for jx_sysuser
-- ----------------------------
DROP TABLE IF EXISTS `jx_sysuser`;
CREATE TABLE `jx_sysuser` (
  `id` int(11) NOT NULL AUTO_INCREMENT,
  `payroll` varchar(32) NOT NULL,
  `password` varchar(256) NOT NULL,
  `time_pwd` datetime(6) NOT NULL DEFAULT CURRENT_TIMESTAMP(6),
  `role_id` int(11) NOT NULL,
  `usertype_id` int(11) NOT NULL,
  PRIMARY KEY (`id`),
  KEY `jx_sysuser_role_id_2e0db55f_fk_jx_role_id` (`role_id`),
  KEY `jx_sysuser_usertype_id_8b22427b_fk_jx_usertype_id` (`usertype_id`),
  CONSTRAINT `jx_sysuser_role_id_2e0db55f_fk_jx_role_id` FOREIGN KEY (`role_id`) REFERENCES `jx_role` (`id`),
  CONSTRAINT `jx_sysuser_usertype_id_8b22427b_fk_jx_usertype_id` FOREIGN KEY (`usertype_id`) REFERENCES `jx_usertype` (`id`)
) ENGINE=InnoDB AUTO_INCREMENT=7 DEFAULT CHARSET=utf8;

-- ----------------------------
-- Records of jx_sysuser
-- ----------------------------
BEGIN;
INSERT INTO `jx_sysuser` VALUES (1, '00000S', 'OWIwNWZiOGZjZTM4NjRhMGVkNjVlOTQ3MmRlNTQ2N2Q=', '2021-02-06 23:51:43.981236', 3, 3);
INSERT INTO `jx_sysuser` VALUES (2, 'admin', 'ZjJjYzIwNzFhNzM3MjdjNGY0MTE3ZTRiNTkwYjAzMWM=', '2021-03-21 23:08:54.000000', 1, 1);
INSERT INTO `jx_sysuser` VALUES (3, '00001B', 'OWIwNWZiOGZjZTM4NjRhMGVkNjVlOTQ3MmRlNTQ2N2Q=', '2021-02-06 23:52:14.803931', 2, 2);
INSERT INTO `jx_sysuser` VALUES (4, '000001C', 'OWIwNWZiOGZjZTM4NjRhMGVkNjVlOTQ3MmRlNTQ2N2Q=', '2021-02-08 08:30:49.536812', 2, 2);
INSERT INTO `jx_sysuser` VALUES (5, '000001D', 'OWIwNWZiOGZjZTM4NjRhMGVkNjVlOTQ3MmRlNTQ2N2Q=', '2021-02-09 19:57:47.163106', 4, 4);
INSERT INTO `jx_sysuser` VALUES (6, '00XW1306', 'OWIwNWZiOGZjZTM4NjRhMGVkNjVlOTQ3MmRlNTQ2N2Q=', '2021-03-21 23:08:54.000000', 2, 2);
COMMIT;

-- ----------------------------
-- Table structure for jx_usertype
-- ----------------------------
DROP TABLE IF EXISTS `jx_usertype`;
CREATE TABLE `jx_usertype` (
  `id` int(11) NOT NULL AUTO_INCREMENT,
  `usertype_name` varchar(64) NOT NULL,
  PRIMARY KEY (`id`)
) ENGINE=InnoDB AUTO_INCREMENT=5 DEFAULT CHARSET=utf8;

-- ----------------------------
-- Records of jx_usertype
-- ----------------------------
BEGIN;
INSERT INTO `jx_usertype` VALUES (1, '');
INSERT INTO `jx_usertype` VALUES (2, '');
INSERT INTO `jx_usertype` VALUES (3, '');
INSERT INTO `jx_usertype` VALUES (4, '');
COMMIT;

-- ----------------------------
-- Table structure for kh_bcykh
-- ----------------------------
DROP TABLE IF EXISTS `kh_bcykh`;
CREATE TABLE `kh_bcykh` (
  `id` int(11) NOT NULL AUTO_INCREMENT,
  `DWH` varchar(16) DEFAULT NULL,
  `KHNF` datetime DEFAULT NULL,
  `JZGH` varchar(16) DEFAULT NULL,
  `CYZT` enum('','') DEFAULT NULL,
  `stamp` timestamp(6) NOT NULL DEFAULT CURRENT_TIMESTAMP(6) ON UPDATE CURRENT_TIMESTAMP(6),
  `note` varchar(2056) DEFAULT NULL,
  PRIMARY KEY (`id`),
  UNIQUE KEY `_kh_bcykh_dwh_khnf_jzgh_uc` (`DWH`,`KHNF`,`JZGH`)
) ENGINE=InnoDB AUTO_INCREMENT=4 DEFAULT CHARSET=utf8;

-- ----------------------------
-- Records of kh_bcykh
-- ----------------------------
BEGIN;
INSERT INTO `kh_bcykh` VALUES (1, '00000C', '2021-01-01 00:00:00', '000001C', '', '2021-03-30 07:15:04.545660', NULL);
INSERT INTO `kh_bcykh` VALUES (2, '00000C', '2021-01-01 00:00:00', '00001B', '', '2021-03-03 13:57:25.851100', NULL);
INSERT INTO `kh_bcykh` VALUES (3, '00000C', '2021-01-01 00:00:00', '000001D', '', '2021-02-28 13:24:30.717130', NULL);
COMMIT;

-- ----------------------------
-- Table structure for kh_jxkhgz
-- ----------------------------
DROP TABLE IF EXISTS `kh_jxkhgz`;
CREATE TABLE `kh_jxkhgz` (
  `id` int(11) NOT NULL AUTO_INCREMENT,
  `GZH` varchar(128) DEFAULT NULL,
  `DWH` varchar(16) DEFAULT NULL,
  `KHLX` varchar(32) DEFAULT NULL,
  `KHZL` varchar(32) DEFAULT NULL,
  `XXKHZL` varchar(32) DEFAULT NULL,
  `KHMC` varchar(256) DEFAULT NULL,
  `KHSJDX` varchar(64) DEFAULT NULL,
  `GZTJ` varchar(2056) DEFAULT NULL,
  `JXFSJS` varchar(2056) DEFAULT NULL,
  `KHMXMB` text,
  `KHJGDX` varchar(64) DEFAULT NULL,
  `note` varchar(2056) DEFAULT NULL,
  `stamp` timestamp(6) NOT NULL DEFAULT CURRENT_TIMESTAMP(6) ON UPDATE CURRENT_TIMESTAMP(6),
  PRIMARY KEY (`id`),
  UNIQUE KEY `kh_jxkhgz_UN` (`KHLX`,`KHZL`,`XXKHZL`,`GZH`),
  UNIQUE KEY `kh_jxkhgz_gzh_dwh_uc` (`GZH`,`DWH`)
) ENGINE=InnoDB AUTO_INCREMENT=156 DEFAULT CHARSET=utf8;

-- ----------------------------
-- Records of kh_jxkhgz
-- ----------------------------
BEGIN;
INSERT INTO `kh_jxkhgz` VALUES (5, 'ZJ-1', '00000B', 'ZJ', 'ZZ', 'ZZZ', '', '', '0', '0', '', '', '', '2021-05-14 07:12:40.945631');
INSERT INTO `kh_jxkhgz` VALUES (8, 'C1-1-1', '00000B', '', '', '', '', 'KJCGRYXX_JL', 'HJJBM==\'10\' and CGHJLBM==\'01\' and JLDJM==\'1\'', '2000 * GXL', '%(FZRXM)s,:%(HJCGBH)s,%(GXL)s', '', NULL, '2021-03-07 18:38:04.489486');
INSERT INTO `kh_jxkhgz` VALUES (9, 'C1-1-2', '00000B', '', '', '', '', 'KJCGRYXX_JL', 'HJJBM==\'10\' and CGHJLBM==\'03\' and JLJBM==\'2\'', '2000*GXL', '%(FZRXM)s,:%(HJCGBH)s,%(GXL)s', '', NULL, '2021-03-07 18:37:12.155462');
INSERT INTO `kh_jxkhgz` VALUES (10, 'C1-1-3', '00000B', '', '', '', '', 'KJCGRYXX_JL', 'HJJBM==\'10\' and CGHJLBM==\'03\' and JLJBM==\'3\'', '1500*GXL', '%(FZRXM)s,:%(HJCGBH)s,%(GXL)s', NULL, NULL, '2021-03-07 18:37:12.104667');
INSERT INTO `kh_jxkhgz` VALUES (11, 'C1-1-4', '00000B', '', '', '', '', 'KJCGRYXX_JL', 'HJJBM==\'10\' and CGHJLBM==\'01\' and JLJBM==\'2\'', '1500*GXL', '%(FZRXM)s,:%(HJCGBH)s,%(GXL)s', NULL, NULL, '2021-03-07 18:41:53.648769');
INSERT INTO `kh_jxkhgz` VALUES (12, 'C1-1-5', '00000B', '', '', '', '', 'KJCGRYXX_JL', 'HJJBM==\'10\' and CGHJLBM==\'02\' and JLJBM==\'2\'', '1500*GXL', '%(FZRXM)s,:%(HJCGBH)s,%(GXL)s', NULL, NULL, '2021-03-07 18:52:13.297528');
INSERT INTO `kh_jxkhgz` VALUES (13, 'C1-1-6', '00000B', '', '', '', '', 'KJCGRYXX_JL', 'HJJBM==\'10\' and CGHJLBM==\'02\' and JLJBM==\'3\'', '1000*GXL', '%(FZRXM)s,:%(HJCGBH)s,%(GXL)s', NULL, NULL, '2021-03-07 18:52:13.353287');
INSERT INTO `kh_jxkhgz` VALUES (14, 'C1-1-7', '00000B', '', '', '', '', 'KJCGRYXX_JL', 'HJJBM==\'10\' and CGHJLBM==\'01\' and JLJBM==\'3\'', '1000*GXL', '%(FZRXM)s,:%(HJCGBH)s,%(GXL)s', NULL, NULL, '2021-03-07 18:58:09.234760');
INSERT INTO `kh_jxkhgz` VALUES (15, 'C1-1-8', '00000B', '', '', '', '', 'KJCGRYXX_JL', 'HJJBM==\'20\' and CGHJLBM==\'01\' and JLJBM==\'2\'', '200*GXL', '%(FZRXM)s,:%(HJCGBH)s,%(GXL)s', NULL, NULL, '2021-03-07 18:58:09.234760');
INSERT INTO `kh_jxkhgz` VALUES (16, 'C1-1-9', '00000B', '', '', '', '', 'KJCGRYXX_JL', 'HJJBM==\'20\' and CGHJLBM==\'01\' and JLJBM==\'3\'', '100*GXL', '%(FZRXM)s,:%(HJCGBH)s,%(GXL)s', NULL, NULL, '2021-03-07 19:00:27.618331');
INSERT INTO `kh_jxkhgz` VALUES (18, 'AX6-1', '00000B', '', '', '', '-1', 'ZDBYLWXSS', 'JXMSJBM==\'1\'', '2*ZDZS*1*(ZDSYXSS+ZDPTXSS*3)', '%(JSXM)s', '', NULL, '2021-05-14 07:13:58.251613');
INSERT INTO `kh_jxkhgz` VALUES (19, 'AX8', '00000B', '', '', '', '', 'JKXSS', 'KSSC>0', '1*KSSC', '%(JKRXM)s,%(SSXY)s,%(KSSC)s', '', NULL, '2021-05-14 07:14:01.100389');
INSERT INTO `kh_jxkhgz` VALUES (20, 'AX6-2', '00000B', '', '', '', '-2', 'ZDBYLWXSS', 'JXMSJBM==\'2\'', '2*ZDZS*2*(ZDSYXSS+ZDPTXSS*3)', '%(JSXM)s', '', NULL, '2021-05-14 07:14:03.509202');
INSERT INTO `kh_jxkhgz` VALUES (21, 'AX6-3', '00000B', '', '', '', '-3', 'ZDBYLWXSS', 'JXMSJBM==\'3\'', '2*ZDZS*3*(ZDSYXSS+ZDPTXSS*3)', '%(JSXM)s', '', NULL, '2021-05-14 07:14:05.383902');
INSERT INTO `kh_jxkhgz` VALUES (22, 'AX3', '00000B', '', '', '', '', 'SXXSS', 'HBS>0', '48*HBS*SXZS', '%(JSXM)s', '', NULL, '2021-05-14 07:14:07.310890');
INSERT INTO `kh_jxkhgz` VALUES (23, 'AX4', '00000B', '', '', '', '', 'KCSJXSS', 'HBS>0', '20*HBS*SXZS', '%(JSXM)s', '', NULL, '2021-05-14 07:14:10.916376');
INSERT INTO `kh_jxkhgz` VALUES (24, 'AX1-2-1-1', '00000B', '', '', '', '-211', 'BKSJXZXS', 'WYKCTJM==\'2\' and JXMSJBM==\'1\' and KCJBM==\'1\'', 'JHXSS*ZLXS*(1.8+2)*4*((HBS-1)*0.3+1)', '%(JSXM)s', '', NULL, '2021-05-14 07:14:13.026014');
INSERT INTO `kh_jxkhgz` VALUES (25, 'AX1-1-1-1', '00000B', '', '', '', '-111', 'BKSJXZXS', 'KCJBM==\'1\' and JXMSJBM==\'1\' and WYKCTJM==\'1\'', 'JHXSS*ZLXS*(2+2)*4*((HBS-1)*0.3+1)', '%(JSXM)s', '', NULL, '2021-05-14 07:14:14.960759');
INSERT INTO `kh_jxkhgz` VALUES (26, 'AX1-3-1-1', '00000B', '', '', '', '-311', 'BKSJXZXS', 'KCJBM==\'3\' and JXMSJBM==\'1\' and WYKCTJM==\'1\'', 'JHXSS*ZLXS*(1.6+2)*4*((HBS-1)*0.3+1)', '%(JSXM)s', '', NULL, '2021-05-14 07:14:17.075396');
INSERT INTO `kh_jxkhgz` VALUES (27, 'AX1-1-2-1', '00000B', '', '', '', '-121', 'BKSJXZXS', 'KCJBM==\'1\' and JXMSJBM==\'2\' and WYKCTJM==\'1\'', 'JHXSS*ZLXS*(2+1.8)*4*((HBS-1)*0.3+1)', '%(JSXM)s', '', NULL, '2021-05-14 07:14:18.732409');
INSERT INTO `kh_jxkhgz` VALUES (28, 'AX1-1-3-1', '00000B', '', '', '', '-131', 'BKSJXZXS', 'KCJBM==\'1\' and JXMSJBM==\'3\' and WYKCTJM==\'1\'', 'JHXSS*ZLXS*(2+1.6)*4*((HBS-1)*0.3+1)', '%(JSXM)s', '', NULL, '2021-05-14 07:14:20.299797');
INSERT INTO `kh_jxkhgz` VALUES (29, 'AX1-1-1-2', '00000B', '', '', '', '-112', 'BKSJXZXS', 'KCJBM==\'1\' and JXMSJBM==\'1\' and WYKCTJM==\'2\'', 'JHXSS*ZLXS*(2+2)*3*((HBS-1)*0.3+1)', '%(JSXM)s', '', NULL, '2021-05-14 07:14:32.045591');
INSERT INTO `kh_jxkhgz` VALUES (30, 'AX1-1-1-3', '00000B', '', '', '', '-113', 'BKSJXZXS', 'KCJBM==\'1\' and JXMSJBM==\'1\' and WYKCTJM==\'3\'', 'JHXSS*ZLXS*(2+2)*1*((HBS-1)*0.3+1)', '%(JSXM)s', '', NULL, '2021-05-14 07:14:33.414024');
INSERT INTO `kh_jxkhgz` VALUES (31, 'AX1-1-2-2', '00000B', '', '', '', '-122', 'BKSJXZXS', 'KCJBM==\'1\' and JXMSJBM==\'2\' and WYKCTJM==\'2\'', 'JHXSS*ZLXS*(2+1.8)*3*((HBS-1)*0.3+1)', '%(JSXM)s', '', NULL, '2021-05-14 07:14:34.716973');
INSERT INTO `kh_jxkhgz` VALUES (32, 'AX1-1-2-3', '00000B', '', '', '', '-123', 'BKSJXZXS', 'KCJBM==\'1\' and JXMSJBM==\'2\' and WYKCTJM==\'3\'', 'JHXSS*ZLXS*(2+1.8)*1*((HBS-1)*0.3+1)', '%(JSXM)s', '', NULL, '2021-05-14 07:14:35.963390');
INSERT INTO `kh_jxkhgz` VALUES (33, 'AX1-1-3-2', '00000B', '', '', '', '-132', 'BKSJXZXS', 'KCJBM==\'1\' and JXMSJBM==\'3\' and WYKCTJM==\'2\'', 'JHXSS*ZLXS*(2+1.6)*3*((HBS-1)*0.3+1)', '%(JSXM)s', '', NULL, '2021-05-14 07:14:37.195901');
INSERT INTO `kh_jxkhgz` VALUES (34, 'AX1-1-3-3', '00000B', '', '', '', '-133', 'BKSJXZXS', 'KCJBM==\'1\' and JXMSJBM==\'3\' and WYKCTJM==\'3\'', 'JHXSS*ZLXS*(2+1.6)*1*((HBS-1)*0.3+1)', '%(JSXM)s', '', NULL, '2021-05-14 07:14:38.364256');
INSERT INTO `kh_jxkhgz` VALUES (35, 'AX1-1-9-1', '00000B', '', '', '', '-191', 'BKSJXZXS', 'KCJBM==\'1\' and JXMSJBM==\'9\' and WYKCTJM==\'1\'', 'JHXSS*ZLXS*(2+1)*4*((HBS-1)*0.3+1)', '%(JSXM)s', '', NULL, '2021-05-14 07:14:39.791978');
INSERT INTO `kh_jxkhgz` VALUES (36, 'AX1-1-9-2', '00000B', '', '', '', '-192', 'BKSJXZXS', 'KCJBM==\'1\' and JXMSJBM==\'9\' and WYKCTJM==\'2\'', 'JHXSS*ZLXS*(2+1)*3*((HBS-1)*0.3+1)', '%(JSXM)s', '', NULL, '2021-05-14 07:14:41.177747');
INSERT INTO `kh_jxkhgz` VALUES (37, 'AX1-1-9-3', '00000B', '', '', '', '-193', 'BKSJXZXS', 'KCJBM==\'1\' and JXMSJBM==\'9\' and WYKCTJM==\'3\'', 'JHXSS*ZLXS*(2+1)*1*((HBS-1)*0.3+1)', '%(JSXM)s', '', NULL, '2021-05-14 07:14:42.625021');
INSERT INTO `kh_jxkhgz` VALUES (38, 'AX5-1', '00000B', '', '', '', '-1', 'ZDSYXSS', 'KCJBM==\'1\'', 'SYXS*SYZS*2*0.6', '%(JSXM)s', '', NULL, '2021-05-14 07:14:43.979212');
INSERT INTO `kh_jxkhgz` VALUES (39, 'AX5-2', '00000B', '', '', '', '-2', 'ZDSYXSS', 'KCJBM==\'2\'', 'SYXS*SYZS*1.8*0.6', '%(JSXM)s', '', NULL, '2021-05-14 07:14:45.278883');
INSERT INTO `kh_jxkhgz` VALUES (40, 'AX5-3', '00000B', '', '', '', '-3', 'ZDSYXSS', 'KCJBM==\'3\'', 'SYXS*SYZS*1.6*0.6', '%(JSXM)s', '', NULL, '2021-05-14 07:14:46.586736');
INSERT INTO `kh_jxkhgz` VALUES (41, 'AX5-9', '00000B', '', '', '', '-9', 'ZDSYXSS', 'KCJBM==\'9\'', 'SYXS*SYZS*1*0.6', '%(JSXM)s', '', NULL, '2021-05-14 07:14:47.894656');
INSERT INTO `kh_jxkhgz` VALUES (42, 'AY1-1-1', '00000B', '', '', '', '-11', 'YJSJXZXS', 'KCJBM==\'1\' and WYKCTJM==\'1\'', 'JHXSS*2*4', '%(JSXM)s', '', NULL, '2021-05-14 07:14:49.237405');
INSERT INTO `kh_jxkhgz` VALUES (43, 'AY1-1-2', '00000B', '', '', '', '-12', 'YJSJXZXS', 'KCJBM==\'1\' and WYKCTJM==\'2\'', 'JHXSS*2*3', '%(JSXM)s', '', NULL, '2021-05-14 07:14:50.737042');
INSERT INTO `kh_jxkhgz` VALUES (44, 'AY1-1-3', '00000B', '', '', '', '-13', 'YJSJXZXS', 'KCJBM==\'1\' and WYKCTJM==\'3\'', 'JHXSS*2*1', '%(JSXM)s', '', NULL, '2021-05-14 07:14:52.106280');
INSERT INTO `kh_jxkhgz` VALUES (45, 'AX6-9', '00000B', '', '', '', '-9', 'ZDBYLWXSS', 'JXMSJBM==\'9\'', '2*ZDZS*9*(ZDSYXSS+ZDPTXSS*3)', '%(JSXM)s', '', NULL, '2021-05-14 07:14:53.636689');
INSERT INTO `kh_jxkhgz` VALUES (46, 'AX2', '00000B', '', '', '', '', 'BKSZKJXZXS', 'ZKJHXS>0', 'ZKJHXS*0.4*((HBS-1)*0.3+1)', '%(JSXM)s', '', NULL, '2021-05-14 07:14:54.953664');
INSERT INTO `kh_jxkhgz` VALUES (47, 'AY1-2-1', '00000B', '', '', '', '-21', 'YJSJXZXS', 'KCJBM==\'2\' and WYKCTJM==\'1\'', 'JHXSS*1.8*4', '%(JSXM)s', '', NULL, '2021-05-14 07:14:56.438173');
INSERT INTO `kh_jxkhgz` VALUES (48, 'AY1-2-2', '00000B', '', '', '', '-22', 'YJSJXZXS', 'KCJBM==\'2\' and WYKCTJM==\'2\'', 'JHXSS*1.8*3', '%(JSXM)s', '', NULL, '2021-05-14 07:14:57.989590');
INSERT INTO `kh_jxkhgz` VALUES (49, 'AY1-2-3', '00000B', '', '', '', '-23', 'YJSJXZXS', 'KCJBM==\'2\' and WYKCTJM==\'3\'', 'JHXSS*1.8*1', '%(JSXM)s', '', NULL, '2021-05-14 07:14:59.657824');
INSERT INTO `kh_jxkhgz` VALUES (50, 'AY1-3-1', '00000B', '', '', '', '-31', 'YJSJXZXS', 'KCJBM==\'3\' and WYKCTJM==\'1\'', 'JHXSS*1.6*4', '%(JSXM)s', '', NULL, '2021-05-14 07:15:00.936326');
INSERT INTO `kh_jxkhgz` VALUES (51, 'AY1-3-2', '00000B', '', '', '', '-32', 'YJSJXZXS', 'KCJBM==\'3\' and WYKCTJM==\'2\'', 'JHXSS*1.6*3', '%(JSXM)s', '', NULL, '2021-05-14 07:15:02.675254');
INSERT INTO `kh_jxkhgz` VALUES (52, 'AY1-3-3', '00000B', '', '', '', '-33', 'YJSJXZXS', 'KCJBM==\'3\' and WYKCTJM==\'3\'', 'JHXSS*1.6*1', '%(JSXM)s', '', NULL, '2021-05-14 07:15:04.791043');
INSERT INTO `kh_jxkhgz` VALUES (53, 'AY1-9-1', '00000B', '', '', '', '-91', 'YJSJXZXS', 'KCJBM==\'9\' and WYKCTJM==\'1\'', 'JHXSS*1*4', '%(JSXM)s', '', NULL, '2021-05-14 07:15:06.107316');
INSERT INTO `kh_jxkhgz` VALUES (54, 'AY1-9-2', '00000B', '', '', '', '-92', 'YJSJXZXS', 'KCJBM==\'9\' and WYKCTJM==\'2\'', 'JHXSS*1*3', '%(JSXM)s', '', NULL, '2021-05-14 07:15:07.387411');
INSERT INTO `kh_jxkhgz` VALUES (55, 'AY1-9-3', '00000B', '', '', '', '-93', 'YJSJXZXS', 'KCJBM==\'9\' and WYKCTJM==\'3\'', 'JHXSS*1*1', '%(JSXM)s', '', NULL, '2021-05-14 07:15:08.931913');
INSERT INTO `kh_jxkhgz` VALUES (56, 'AX1-2-2-1', '00000B', '', '', '', '-221', 'BKSJXZXS', 'KCJBM==\'2\' and JXMSJBM==\'2\' and WYKCTJM==\'1\'', 'JHXSS*ZLXS*(1.8+1.8)*4*((HBS-1)*0.3+1)', '%(JSXM)s', '', NULL, '2021-05-14 07:15:10.219187');
INSERT INTO `kh_jxkhgz` VALUES (57, 'AX1-2-3-1', '00000B', '', '', '', '-231', 'BKSJXZXS', 'KCJBM==\'2\' and JXMSJBM==\'3\' and WYKCTJM==\'1\'', 'JHXSS*ZLXS*(1.8+1.6)*4*((HBS-1)*0.3+1)', '%(JSXM)s', '', NULL, '2021-05-14 07:15:11.542541');
INSERT INTO `kh_jxkhgz` VALUES (58, 'AX1-2-1-2', '00000B', '', '', '', '-212', 'BKSJXZXS', 'KCJBM==\'2\' and JXMSJBM==\'1\' and WYKCTJM==\'2\'', 'JHXSS*ZLXS*(1.8+2)*3*((HBS-1)*0.3+1)', '%(JSXM)s', '', NULL, '2021-05-14 07:15:12.937978');
INSERT INTO `kh_jxkhgz` VALUES (59, 'AX1-2-1-3', '00000B', '', '', '', '-213', 'BKSJXZXS', 'KCJBM==\'2\' and JXMSJBM==\'1\' and WYKCTJM==\'3\'', 'JHXSS*ZLXS*(1.8+2)*1*((HBS-1)*0.3+1)', '%(JSXM)s', '', NULL, '2021-05-14 07:15:14.242570');
INSERT INTO `kh_jxkhgz` VALUES (60, 'AX1-2-2-2', '00000B', '', '', '', '-222', 'BKSJXZXS', 'KCJBM==\'2\' and JXMSJBM==\'2\' and WYKCTJM==\'2\'', 'JHXSS*ZLXS*(1.8+1.8)*3*((HBS-1)*0.3+1)', '%(JSXM)s', '', NULL, '2021-05-14 07:15:15.672602');
INSERT INTO `kh_jxkhgz` VALUES (61, 'AX1-2-2-3', '00000B', '', '', '', '-223', 'BKSJXZXS', 'KCJBM==\'2\' and JXMSJBM==\'2\' and WYKCTJM==\'3\'', 'JHXSS*ZLXS*(1.8+1.8)*1*((HBS-1)*0.3+1)', '%(JSXM)s', '', NULL, '2021-05-14 07:15:17.276067');
INSERT INTO `kh_jxkhgz` VALUES (62, 'AX1-2-3-2', '00000B', '', '', '', '-232', 'BKSJXZXS', 'KCJBM==\'2\' and JXMSJBM==\'3\' and WYKCTJM==\'2\'', 'JHXSS*ZLXS*(1.8+1.6)*3*((HBS-1)*0.3+1)', '%(JSXM)s', '', NULL, '2021-05-14 07:15:18.636817');
INSERT INTO `kh_jxkhgz` VALUES (63, 'AX1-2-3-3', '00000B', '', '', '', '-233', 'BKSJXZXS', 'KCJBM==\'2\' and JXMSJBM==\'3\' and WYKCTJM==\'3\'', 'JHXSS*ZLXS*(1.8+1.6)*1*((HBS-1)*0.3+1)', '%(JSXM)s', '', NULL, '2021-05-14 07:15:20.039438');
INSERT INTO `kh_jxkhgz` VALUES (64, 'AX1-2-9-1', '00000B', '', '', '', '-291', 'BKSJXZXS', 'KCJBM==\'2\' and JXMSJBM==\'9\' and WYKCTJM==\'1\'', 'JHXSS*ZLXS*(1.8+1)*4*((HBS-1)*0.3+1)', '%(JSXM)s', '', NULL, '2021-05-14 07:15:21.343329');
INSERT INTO `kh_jxkhgz` VALUES (65, 'AX1-2-9-2', '00000B', '', '', '', '-292', 'BKSJXZXS', 'KCJBM==\'2\' and JXMSJBM==\'9\' and WYKCTJM==\'2\'', 'JHXSS*ZLXS*(1.8+1)*3*((HBS-1)*0.3+1)', '%(JSXM)s', '', NULL, '2021-05-14 07:15:22.616284');
INSERT INTO `kh_jxkhgz` VALUES (66, 'AX1-2-9-3', '00000B', '', '', '', '-293', 'BKSJXZXS', 'KCJBM==\'2\' and JXMSJBM==\'9\' and WYKCTJM==\'3\'', 'JHXSS*ZLXS*(1.8+1)*1*((HBS-1)*0.3+1)', '%(JSXM)s', '', NULL, '2021-05-14 07:15:23.987352');
INSERT INTO `kh_jxkhgz` VALUES (67, 'AX1-3-2-1', '00000B', '', '', '', '-321', 'BKSJXZXS', 'KCJBM==\'3\' and JXMSJBM==\'2\' and WYKCTJM==\'1\'', 'JHXSS*ZLXS*(1.6+1.8)*4*((HBS-1)*0.3+1)', '%(JSXM)s', '', NULL, '2021-05-14 07:15:25.501785');
INSERT INTO `kh_jxkhgz` VALUES (68, 'AX1-3-3-1', '00000B', '', '', '', '-331', 'BKSJXZXS', 'KCJBM==\'3\' and JXMSJBM==\'3\' and WYKCTJM==\'1\'', 'JHXSS*ZLXS*(1.6+1.6)*4*((HBS-1)*0.3+1)', '%(JSXM)s', '', NULL, '2021-05-14 07:15:26.952123');
INSERT INTO `kh_jxkhgz` VALUES (69, 'AX1-3-1-2', '00000B', '', '', '', '-312', 'BKSJXZXS', 'KCJBM==\'3\' and JXMSJBM==\'1\' and WYKCTJM==\'2\'', 'JHXSS*ZLXS*(1.6+2)*3*((HBS-1)*0.3+1)', '%(JSXM)s', '', NULL, '2021-05-14 07:15:28.535478');
INSERT INTO `kh_jxkhgz` VALUES (70, 'AX1-3-1-3', '00000B', '', '', '', '-313', 'BKSJXZXS', 'KCJBM==\'3\' and JXMSJBM==\'1\' and WYKCTJM==\'3\'', 'JHXSS*ZLXS*(1.6+2)*1*((HBS-1)*0.3+1)', '%(JSXM)s', '', NULL, '2021-05-14 07:15:30.082942');
INSERT INTO `kh_jxkhgz` VALUES (71, 'AX1-3-2-2', '00000B', '', '', '', '-322', 'BKSJXZXS', 'KCJBM==\'3\' and JXMSJBM==\'2\' and WYKCTJM==\'2\'', 'JHXSS*ZLXS*(1.6+1.8)*3*((HBS-1)*0.3+1)', '%(JSXM)s', '', NULL, '2021-05-14 07:15:31.589354');
INSERT INTO `kh_jxkhgz` VALUES (72, 'AX1-3-2-3', '00000B', '', '', '', '-323', 'BKSJXZXS', 'KCJBM==\'3\' and JXMSJBM==\'2\' and WYKCTJM==\'3\'', 'JHXSS*ZLXS*(1.6+1.8)*1*((HBS-1)*0.3+1)', '%(JSXM)s', '', NULL, '2021-05-14 07:15:33.526775');
INSERT INTO `kh_jxkhgz` VALUES (73, 'AX1-3-9-1', '00000B', '', '', '', '-391', 'BKSJXZXS', 'KCJBM==\'3\' and JXMSJBM==\'9\' and WYKCTJM==\'1\'', 'JHXSS*ZLXS*(1.6+1)*4*((HBS-1)*0.3+1)', '%(JSXM)s', '', NULL, '2021-05-14 07:15:35.110719');
INSERT INTO `kh_jxkhgz` VALUES (74, 'AX1-3-9-2', '00000B', '', '', '', '-392', 'BKSJXZXS', 'KCJBM==\'3\' and JXMSJBM==\'9\' and WYKCTJM==\'2\'', 'JHXSS*ZLXS*(1.6+1)*3*((HBS-1)*0.3+1)', '%(JSXM)s', '', NULL, '2021-05-14 07:15:36.624610');
INSERT INTO `kh_jxkhgz` VALUES (75, 'AX1-3-9-3', '00000B', '', '', '', '-393', 'BKSJXZXS', 'KCJBM==\'3\' and JXMSJBM==\'9\' and WYKCTJM==\'3\'', 'JHXSS*ZLXS*(1.6+1)*1*((HBS-1)*0.3+1)', '%(JSXM)s', '', NULL, '2021-05-14 07:15:38.141947');
INSERT INTO `kh_jxkhgz` VALUES (76, 'AX1-3-3-2', '00000B', '', '', '', '-332', 'BKSJXZXS', 'KCJBM==\'3\' and JXMSJBM==\'3\' and WYKCTJM==\'2\'', 'JHXSS*ZLXS*(1.6+1.6)*3*((HBS-1)*0.3+1)', '%(JSXM)s', '', NULL, '2021-05-14 07:15:39.713045');
INSERT INTO `kh_jxkhgz` VALUES (77, 'AX1-3-3-3', '00000B', '', '', '', '-333', 'BKSJXZXS', 'KCJBM==\'3\' and JXMSJBM==\'3\' and WYKCTJM==\'3\'', 'JHXSS*ZLXS*(1.6+1.6)*1*((HBS-1)*0.3+1)', '%(JSXM)s', '', NULL, '2021-05-14 07:15:41.274002');
INSERT INTO `kh_jxkhgz` VALUES (78, 'AX1-9-2-1', '00000B', '', '', '', '-921', 'BKSJXZXS', 'KCJBM==\'9\' and JXMSJBM==\'2\' and WYKCTJM==\'1\'', 'JHXSS*ZLXS*(1+1.8)*4*((HBS-1)*0.3+1)', '%(JSXM)s', '', NULL, '2021-05-14 07:15:42.784461');
INSERT INTO `kh_jxkhgz` VALUES (79, 'AX1-9-3-1', '00000B', '', '', '', '-931', 'BKSJXZXS', 'KCJBM==\'9\' and JXMSJBM==\'3\' and WYKCTJM==\'1\'', 'JHXSS*ZLXS*(1+1.6)*4*((HBS-1)*0.3+1)', '%(JSXM)s', '', NULL, '2021-05-14 07:15:44.218797');
INSERT INTO `kh_jxkhgz` VALUES (80, 'AX1-9-1-2', '00000B', '', '', '', '-912', 'BKSJXZXS', 'KCJBM==\'9\' and JXMSJBM==\'1\' and WYKCTJM==\'2\'', 'JHXSS*ZLXS*(1+2)*3*((HBS-1)*0.3+1)', '%(JSXM)s', '', NULL, '2021-05-14 07:15:45.704493');
INSERT INTO `kh_jxkhgz` VALUES (81, 'AX1-9-1-3', '00000B', '', '', '', '-913', 'BKSJXZXS', 'KCJBM==\'9\' and JXMSJBM==\'1\' and WYKCTJM==\'3\'', 'JHXSS*ZLXS*(1+2)*1*((HBS-1)*0.3+1)', '%(JSXM)s', '', NULL, '2021-05-14 07:15:47.211955');
INSERT INTO `kh_jxkhgz` VALUES (82, 'AX1-9-2-2', '00000B', '', '', '', '-922', 'BKSJXZXS', 'KCJBM==\'9\' and JXMSJBM==\'2\' and WYKCTJM==\'2\'', 'JHXSS*ZLXS*(1+1.8)*3*((HBS-1)*0.3+1)', '%(JSXM)s', '', NULL, '2021-05-14 07:15:48.697287');
INSERT INTO `kh_jxkhgz` VALUES (83, 'AX1-9-2-3', '00000B', '', '', '', '-923', 'BKSJXZXS', 'KCJBM==\'9\' and JXMSJBM==\'2\' and WYKCTJM==\'3\'', 'JHXSS*ZLXS*(1+1.8)*1*((HBS-1)*0.3+1)', '%(JSXM)s', '', NULL, '2021-05-14 07:15:50.123114');
INSERT INTO `kh_jxkhgz` VALUES (84, 'AX1-9-9-1', '00000B', '', '', '', '-991', 'BKSJXZXS', 'KCJBM==\'9\' and JXMSJBM==\'9\' and WYKCTJM==\'1\'', 'JHXSS*ZLXS*(1+1)*4*((HBS-1)*0.3+1)', '%(JSXM)s', '', NULL, '2021-05-14 07:15:51.507394');
INSERT INTO `kh_jxkhgz` VALUES (85, 'AX1-9-9-2', '00000B', '', '', '', '-992', 'BKSJXZXS', 'KCJBM==\'9\' and JXMSJBM==\'9\' and WYKCTJM==\'2\'', 'JHXSS*ZLXS*(1+1)*3*((HBS-1)*0.3+1)', '%(JSXM)s', '', NULL, '2021-05-14 07:15:52.948849');
INSERT INTO `kh_jxkhgz` VALUES (86, 'AX1-9-9-3', '00000B', '', '', '', '-993', 'BKSJXZXS', 'KCJBM==\'9\' and JXMSJBM==\'9\' and WYKCTJM==\'3\'', 'JHXSS*ZLXS*(1+1)*1*((HBS-1)*0.3+1)', '%(JSXM)s', '', NULL, '2021-05-14 07:15:54.396797');
INSERT INTO `kh_jxkhgz` VALUES (87, 'AX1-9-3-2', '00000B', '', '', '', '-932', 'BKSJXZXS', 'KCJBM==\'9\' and JXMSJBM==\'3\' and WYKCTJM==\'2\'', 'JHXSS*ZLXS*(1+1.6)*3*((HBS-1)*0.3+1)', '%(JSXM)s', '', NULL, '2021-05-14 07:15:55.834751');
INSERT INTO `kh_jxkhgz` VALUES (88, 'AX1-9-3-3', '00000B', '', '', '', '-933', 'BKSJXZXS', 'KCJBM==\'9\' and JXMSJBM==\'3\' and WYKCTJM==\'3\'', 'JHXSS*ZLXS*(1+1.6)*1*((HBS-1)*0.3+1)', '%(JSXM)s', '', NULL, '2021-05-14 07:15:57.286009');
INSERT INTO `kh_jxkhgz` VALUES (89, 'AX1-9-1-1', '00000B', '', '', '', '-911', 'BKSJXZXS', 'KCJBM==\'9\' and JXMSJBM==\'1\' and WYKCTJM==\'1\'', 'JHXSS*ZLXS*(1+2)*4*((HBS-1)*0.3+1)', '%(JSXM)s', '', NULL, '2021-05-14 07:15:58.595028');
INSERT INTO `kh_jxkhgz` VALUES (90, 'L-1-2', '00000B', '', '', 'SCI1', 'SCI-1-', 'KJCGRYXX_LW', 'SLLX==\'1\' and SLQH==\'\' and WDWZZPX==\'1\' and BZXYBJZDSYS==\'\' and GXL!=0', '20*0.5*GXL', '%(DYZZ)s ,%(GXL)s,%(LWMC)s', '', NULL, '2021-05-14 07:15:59.916063');
INSERT INTO `kh_jxkhgz` VALUES (95, 'L-1-1', '00000B', '', '', 'SCI1', 'SCI-1-', 'KJCGRYXX_LW', 'SLLX==\'1\' and SLQH==\'\' and WDWZZPX==\'2\' and BZXYBJZDSYS==\'\' and GXL!=0', '20*0.7*GXL', '%(DYZZ)s ,%(GXL)s,%(LWMC)s', '', NULL, '2021-05-14 07:16:01.474732');
INSERT INTO `kh_jxkhgz` VALUES (96, 'L-2-1', '00000B', '', '', 'SCI2', 'SCI-2-', 'KJCGRYXX_LW', 'SLLX==\'1\' and SLQH== and WDWZZPX==1 and BZXYBJZDSYS== and GXL!=0', '15*0.5*GXL', '%(DYZZ)s ,%(GXL)s,%(LWMC)s', '', NULL, '2021-05-14 07:16:02.905107');
INSERT INTO `kh_jxkhgz` VALUES (97, 'L-2-2', '00000B', '', '', 'SCI2', 'SCI-2-', 'KJCGRYXX_LW', 'SLLX==\'1\' and SLQH==\'\'and WDWZZPX==\'2\' and  BZXYBJZDSYS==\'\' and GXL!=0', '15*0.7*GXL', '%(DYZZ)s ,%(GXL)s,%(LWMC)s', '', NULL, '2021-05-14 07:16:04.273574');
INSERT INTO `kh_jxkhgz` VALUES (98, 'L-3-1', '00000B', '', '', 'SCI3', 'SCI-3-', 'KJCGRYXX_LW', 'SLLX==\'1\' and SLQH==\'\'and WDWZZPX==\'1\' and  BZXYBJZDSYS==\'\' and GXL!=0', '10*0.5*GXL', '%(DYZZ)s ,%(GXL)s,%(LWMC)s', '', NULL, '2021-05-14 07:16:05.749712');
INSERT INTO `kh_jxkhgz` VALUES (99, 'L-3-2', '00000B', '', '', 'SCI3', 'SCI-3-', 'KJCGRYXX_LW', 'SLLX==\'1\' and SLQH==\'\'and WDWZZPX==\'2\' and  BZXYBJZDSYS==\'\' and GXL!=0', '10*0.7*GXL', '%(DYZZ)s ,%(GXL)s,%(LWMC)s', NULL, NULL, '2021-05-14 07:16:10.369434');
INSERT INTO `kh_jxkhgz` VALUES (100, 'L-4-1', '00000B', '', '', 'SCI4', 'SCI-4-', 'KJCGRYXX_LW', 'SLLX==\'1\' and SLQH==\'\'and WDWZZPX==\'1\' and  BZXYBJZDSYS==\'\' and GXL!=0', '8*0.5*GXL', '%(DYZZ)s ,%(GXL)s,%(LWMC)s', NULL, NULL, '2021-05-14 07:16:08.906220');
INSERT INTO `kh_jxkhgz` VALUES (101, 'L-4-2', '00000B', '', '', 'SCI4', 'SCI-4-', 'KJCGRYXX_LW', 'SLLX==\'1\' and SLQH==\'\'and WDWZZPX==\'2\' and  BZXYBJZDSYS==\'\' and GXL!=0', '8*0.7*GXL', '%(DYZZ)s ,%(GXL)s,%(LWMC)s', NULL, NULL, '2021-05-14 07:16:13.616358');
INSERT INTO `kh_jxkhgz` VALUES (123, 'C2-1-1', '00000B', 'C', 'C2', 'C2-1', 'C2-1-1', 'KJCGRYXX_ZZ', 'JSM==\'211\' and LZLBM==\'11\' and CBSJBM==\'1\'', '25', '%(XM)s', '', NULL, '2021-04-22 12:00:23.214400');
INSERT INTO `kh_jxkhgz` VALUES (125, 'C2-2-1', '00000B', 'C', 'C2', 'C2-2', 'C2-2-1', 'KJCGRYXX_ZZ', 'JSM==\'211\' and LZLBM==\'11\' and CBSJBM==\'2\'', '20', '%(XM)s', '', NULL, '2021-04-22 13:45:29.702191');
INSERT INTO `kh_jxkhgz` VALUES (126, 'C2-3-1', '00000B', 'C', 'C2', 'C2-3', 'C2-3-1', 'KJCGRYXX_ZZ', 'JSM==\'211\' and LZLBM==\'13\' and CBSJBM==\'1\'', '20', '%(XM)s', '', NULL, '2021-04-22 13:53:18.940305');
INSERT INTO `kh_jxkhgz` VALUES (127, 'C2-4-1', '00000B', 'C', 'C2', 'C2-4', 'C2-4-1', 'KJCGRYXX_ZZ', 'JSM==\'211\' and LZLBM==\'13\' and CBSJBM==\'2\'', '15', '%(XM)s', '', NULL, '2021-04-22 14:06:35.242689');
INSERT INTO `kh_jxkhgz` VALUES (128, 'C2-5', '00000B', 'C', 'C2', 'C2-5', 'C2-5-1', 'KJCGRYXX_ZZ', 'JSM==\'219\' and LZLBM==\'11\' and CBSJBM==\'1\'', 'ZXZS/10000*1.2*GXL', '%(XM)s', '', NULL, '2021-05-12 07:37:31.790552');
INSERT INTO `kh_jxkhgz` VALUES (129, 'C2-6', '00000B', 'C', 'C2', 'C2-6', 'C2-6', 'KJCGRYXX_ZZ', 'JSM==\'219\' and LZLBM==\'13\' and CBSJBM==\'1\'', 'ZXZS/10000*0.8*GXL', '%(XM)s', '', NULL, '2021-05-12 07:40:30.254238');
INSERT INTO `kh_jxkhgz` VALUES (130, 'C2-7', '00000B', 'C', 'C2', 'C2-7', 'C2-7', 'KJCGRYXX_ZZ', 'JSM==\'219\' and LZLBM==\'11\' and CBSJBM==\'2\'', 'ZXZS/10000*0.7*GXL', '%(XM)s', '', NULL, '2021-05-12 08:05:31.705692');
INSERT INTO `kh_jxkhgz` VALUES (131, 'C2-8', '00000B', 'C', 'C2', 'C2-8', 'C2-8', 'KJCGRYXX_ZZ', 'JSM==\'219\' and LZLBM==\'13\' and CBSJBM==\'2\'', 'ZXZS/10000*0.5*GXL', '%(XM)s', '', NULL, '2021-05-12 08:07:33.130556');
INSERT INTO `kh_jxkhgz` VALUES (132, 'AY2-1', '00000B', 'A', 'AY', 'AY2', 'AY2-1', 'YJSDSPYGX', 'XSDQZT==\'1\' and XSLB==\'4313\'', '46*FPXS', '%(XM)s', '', NULL, '2021-05-12 09:54:25.660245');
INSERT INTO `kh_jxkhgz` VALUES (133, 'AY2-2', '00000B', 'A', 'AY', 'AY2-2', 'AY2-2', 'YJSDSPYGX', 'XSDQZT==\'1\' and XSLB==\'4313\' and PYFS==\'30\'', '46*1.3*FPXS', '%(XM)s', '', NULL, '2021-05-12 10:49:23.094467');
INSERT INTO `kh_jxkhgz` VALUES (134, 'AY3', '00000B', 'A', 'AY', 'AY3', 'AY3', 'YJSDSPYGX', 'XSDQZT==\'1\' and XSLB==\'4314\'', '46*FPXS', '%(XM)s', '', NULL, '2021-05-12 10:54:46.420382');
INSERT INTO `kh_jxkhgz` VALUES (135, 'AY4-1', '00000B', 'A', 'AY', 'AY4', 'AY4-1', 'YJSDSPYGX', 'XSDQZT==\'1\' and XSLB==\'432\' and SFFDS==\'2\'', '48', '%(XM)s', '', NULL, '2021-05-12 11:13:40.430032');
INSERT INTO `kh_jxkhgz` VALUES (136, 'AY4-2', '00000B', 'AY', 'AY', 'AY4', 'AY4-2', 'YJSDSPYGX', 'XSDQZT==\'1\' and XSLB==\'432\' and SFFDS==\'1\'', '48*0.3', '%(XM)s', '', NULL, '2021-05-12 11:15:41.637974');
INSERT INTO `kh_jxkhgz` VALUES (137, 'AY4-3', '00000B', 'AY', 'AY4', 'AY4-3', 'AY4-3', 'YJSDSPYGX', 'XSDQZT==\'1\' and XSLB==\'432\' and SFFDS==\'1\' and PYFS==\'30\'', '48*1.3', '%(XM)s', '', NULL, '2021-05-12 11:21:13.873238');
INSERT INTO `kh_jxkhgz` VALUES (138, 'AY4-4', '00000B', 'AY', 'AY4', 'AY4-4', 'AY4-4', 'YJSDSPYGX', 'XSDQZT==\'1\' and XSLB==\'432\' and SFFDS==\'2\' and PYFS==\'30\'', '48*1.3*0.3', '%(XM)s', '', NULL, '2021-05-12 11:21:02.345087');
INSERT INTO `kh_jxkhgz` VALUES (139, 'J3-1-1', '00000B', '', '', '1', '1', 'JXCGWCRXX', 'JLDJM==\'01\' and JLLBM==\'01\' and JLJBM==\'1\'', '2000*GXL', '%(WCRXM)s,%(GXL)s', '', NULL, '2021-04-18 09:09:05.468771');
INSERT INTO `kh_jxkhgz` VALUES (140, 'J3-1-2', '00000B', '', '', '2', '2', 'JXCGWCRXX', 'JLDJM==\'02\' and JLLBM==\'01\' and JLJBM==\'1\'', '1500*GXL', '%(WCRXM)s,%(GXL)s', '', NULL, '2021-04-18 09:13:37.814819');
INSERT INTO `kh_jxkhgz` VALUES (141, 'J3-1-3', '00000B', '', '', '3', '3', 'JXCGWCRXX', 'JLDJM==\'03\' and JLLBM==\'01\' and JLJBM==\'1\'', '500*GXL', '%(WCRXM)s,%(GXL)s', '', NULL, '2021-04-18 09:14:02.655915');
INSERT INTO `kh_jxkhgz` VALUES (142, 'J2-6-1', '00000B', '', '1', '1', '1', 'ZDDXSKWKJHD', 'XMZC==\'01\' and XMJBM==\'01\'', '8', ':%(FZRXM)s', '', NULL, '2021-04-29 12:55:27.168530');
INSERT INTO `kh_jxkhgz` VALUES (143, 'J2-6-2', '00000B', '', '2', '2', '2', 'ZDDXSKWKJHD', 'XMZC==\'02\' and XMJBM==\'01\'', '8', ':%(FZRXM)s', '', NULL, '2021-04-29 12:56:30.481765');
INSERT INTO `kh_jxkhgz` VALUES (144, 'J2-6-3', '00000B', '', '3', '3', '3', 'ZDDXSKWKJHD', 'XMZC==\'03\' and XMJBM==\'01\'', '4', ':%(FZRXM)s', '', NULL, '2021-04-29 12:56:42.203330');
INSERT INTO `kh_jxkhgz` VALUES (145, 'J2-6-4', '00000B', '', '4', '4', '4', 'ZDDXSKWKJHD', 'XMZC==\'04\' and XMJBM==\'01\'', '0', ':%(FZRXM)s', '', NULL, '2021-04-29 12:56:51.091607');
INSERT INTO `kh_jxkhgz` VALUES (146, 'J2-6-5', '00000B', '', '5', '5', '5', 'ZDDXSKWKJHD', 'XMZC==\'01\' and XMJBM==\'02\'', '5', ':%(FZRXM)s', '', NULL, '2021-04-29 12:57:02.005282');
INSERT INTO `kh_jxkhgz` VALUES (147, 'J2-6-6', '00000B', '', '6', '6', '6', 'ZDDXSKWKJHD', 'XMZC==\'02\' and XMJBM==\'02\'', '5', ':%(FZRXM)s', '', NULL, '2021-04-29 12:57:12.360801');
INSERT INTO `kh_jxkhgz` VALUES (148, 'J2-6-7', '00000B', '', '7', '7', '7', 'ZDDXSKWKJHD', 'XMZC==\'03\' and XMJBM==\'02\'', '2.5', ':%(FZRXM)s', '', NULL, '2021-04-29 12:57:20.645788');
INSERT INTO `kh_jxkhgz` VALUES (149, 'J2-6-8', '00000B', '', '8', '8', '8', 'ZDDXSKWKJHD', 'XMZC==\'04\' and XMJBM==\'02\'', '0', ':%(FZRXM)s', '', NULL, '2021-04-29 12:57:33.545950');
INSERT INTO `kh_jxkhgz` VALUES (150, 'J3-2-1', '00000A', '1', '1', '1', '1', 'JCBZXX', 'JCLB==\'01\' and BZZH==DYZBH', 'JCZS/20000*1.5*GXL+20', ':%(BZZXM)s,:%(JCBH)s,:%(GXL)s', '', NULL, '2021-05-07 01:55:57.318718');
INSERT INTO `kh_jxkhgz` VALUES (151, 'J3-2-2', '00000A', '2', '2', '2', '2', 'JCBZXX', 'JCLB==\'01\' and BZZH!=DYZBH', 'JCZS/20000*1.5*GXL', ':%(BZZXM)s,:%(JCBH)s,:%(GXL)s', '', NULL, '2021-05-07 02:23:30.475628');
INSERT INTO `kh_jxkhgz` VALUES (152, 'A3-4-1', '00000B', 'A', 'A3', 'A3-4', 'A3-4-1', 'JGXMXX', 'XMJBM==\'10\'', '200*GXL', ': %(XM)s, : %(XMBH)s, : %(GXL)s', '', NULL, '2021-05-14 03:50:33.812636');
INSERT INTO `kh_jxkhgz` VALUES (153, 'A3-4-2', '00000B', 'A', 'A3', 'A3-4-2', 'A3-4-2', 'JGXMXX', 'XMJBM==\'20\'', '50*GXL', ': %(XM)s, : %(XMBH)s, : %(GXL)s', '', NULL, '2021-05-11 02:33:14.904413');
INSERT INTO `kh_jxkhgz` VALUES (154, 'A3-4-3', '00000B', 'A', 'A3', 'A3-4-3', 'A3-4-3', 'JGXMXX', 'XMJBM==\'60\'', '20*GXL', ': %(XM)s, : %(XMBH)s, : %(GXL)s', '', NULL, '2021-05-11 02:38:34.064791');
INSERT INTO `kh_jxkhgz` VALUES (155, 'A3-4-4', '00000B', 'A3', 'A3', 'A3-4', 'A3-4-4', 'JGXMXX', 'XMJBM==\'99\'', '3*GXL', ': %(XM)s, : %(XMBH)s, : %(GXL)s', '', NULL, '2021-05-11 02:40:26.003775');
INSERT INTO `kh_jxkhgz` VALUES (159, 'B1-1-1', '00000B', '', '', '1', '1', 'XMRYXX', 'KYXMLX==\'150\' and KYJFLX==\'3500\'', '1.5*XMSJJK*GXL/3500', '%(XM)s,:%(XMBH)s,%(GXL)s', '', NULL, '2021-04-19 01:49:03.514203');
INSERT INTO `kh_jxkhgz` VALUES (160, 'B1-1-2', '00000B', '', '', '2', '2', 'XMRYXX', 'KYXMLX==\'120\' and KYJFLX==\'3500\'', '1.2*XMSJJK*GXL/3500', '%(XM)s,:%(XMBH)s,%(GXL)s', '', NULL, '2021-04-19 01:49:08.496590');
INSERT INTO `kh_jxkhgz` VALUES (161, 'B1-1-3', '00000B', '', '', '3', '3', 'XMRYXX', 'KYXMLX==\'100\' and KYJFLX==\'3500\'', 'XMSJJK*GXL/3500', '%(XM)s,:%(XMBH)s,%(GXL)s', '', NULL, '2021-04-19 01:49:12.274740');
INSERT INTO `kh_jxkhgz` VALUES (162, 'B1-1-4', '00000B', '', '', '4', '4', 'XMRYXX', 'KYXMLX==\'080\' and KYJFLX==\'3500\'', '0.8*XMSJJK*GXL/3500', '%(XM)s,:%(XMBH)s,%(GXL)s', '', NULL, '2021-04-19 01:49:16.048028');
INSERT INTO `kh_jxkhgz` VALUES (163, 'B1-1-5', '00000B', '', '', '5', '5', 'XMRYXX', 'KYXMLX==\'050\' and KYJFLX==\'3500\'', '0.5*XMSJJK*GXL/3500', '%(XM)s,:%(XMBH)s,%(GXL)s', '', NULL, '2021-04-19 01:49:21.259791');
INSERT INTO `kh_jxkhgz` VALUES (164, 'B1-1-6', '00000B', '', '', '6', '6', 'XMRYXX', 'KYXMLX==\'150\' and KYJFLX==\'30000\'', '1.5*XMSJJK*GXL/30000', '%(XM)s,:%(XMBH)s,%(GXL)s', '', NULL, '2021-04-19 01:49:26.733308');
INSERT INTO `kh_jxkhgz` VALUES (165, 'B1-1-7', '00000B', '', '', '7', '7', 'XMRYXX', 'KYXMLX==\'120\' and KYJFLX==\'30000\'', '1.2*XMSJJK*GXL/30000', '%(XM)s,:%(XMBH)s,%(GXL)s', '', NULL, '2021-04-19 01:49:32.131842');
INSERT INTO `kh_jxkhgz` VALUES (166, 'B1-1-8', '00000B', '', '', '8', '8', 'XMRYXX', 'KYXMLX==\'100\' and KYJFLX==\'30000\'', 'XMSJJK*GXL/30000', '%(XM)s,:%(XMBH)s,%(GXL)s', '', NULL, '2021-04-19 01:49:48.192882');
INSERT INTO `kh_jxkhgz` VALUES (167, 'B1-1-9', '00000B', '', '', '9', '9', 'XMRYXX', 'KYXMLX==\'080\' and KYJFLX==\'30000\'', '0.8*XMSJJK*GXL/30000', '%(XM)s,:%(XMBH)s,%(GXL)s', '', NULL, '2021-04-19 01:49:54.212127');
INSERT INTO `kh_jxkhgz` VALUES (168, 'B1-1-10', '00000B', '', '', '10', '10', 'XMRYXX', 'KYXMLX==\'050\' and KYJFLX==\'30000\'', '0.5*XMSJJK*GXL/30000', '%(XM)s,:%(XMBH)s,%(GXL)s', '', NULL, '2021-04-19 01:50:11.516955');
INSERT INTO `kh_jxkhgz` VALUES (169, 'A35-1-1', '00000B', '', '', '1', '1', 'JXCGJLSB', 'JXCGLB==\'172\'', '100', '%(XM)s', '', NULL, '2021-04-21 09:51:22.453076');
INSERT INTO `kh_jxkhgz` VALUES (170, 'A35_1-2', '00000B', '', '', '2', '2', 'JXCGJLSB', 'JXCGLB==\'158\'', '30', '%(XM)s', '', NULL, '2021-04-21 09:53:50.353123');
COMMIT;

-- ----------------------------
-- Table structure for kh_khgzdz
-- ----------------------------
DROP TABLE IF EXISTS `kh_khgzdz`;
CREATE TABLE `kh_khgzdz` (
  `id` int(11) NOT NULL AUTO_INCREMENT,
  `DWH` varchar(16) DEFAULT NULL,
  `KHNF` datetime DEFAULT NULL,
  `GZH` varchar(128) DEFAULT NULL,
  `GZQY` enum('','') DEFAULT NULL,
  `stamp` timestamp(6) NOT NULL DEFAULT CURRENT_TIMESTAMP(6) ON UPDATE CURRENT_TIMESTAMP(6),
  `note` varchar(2056) DEFAULT NULL,
  PRIMARY KEY (`id`),
  UNIQUE KEY `_kh_khgzdz_dwh_khnf_gzh_uc` (`DWH`,`KHNF`,`GZH`)
) ENGINE=InnoDB AUTO_INCREMENT=39 DEFAULT CHARSET=utf8;


-- ----------------------------
-- Table structure for kh_khjghz
-- ----------------------------
DROP TABLE IF EXISTS `kh_khjghz`;
CREATE TABLE `kh_khjghz` (
  `id` int(11) NOT NULL AUTO_INCREMENT,
  `KHNF` datetime DEFAULT NULL,
  `DWH` varchar(16) DEFAULT NULL,
  `LSDWH` varchar(16) DEFAULT NULL,
  `JZGH` varchar(16) DEFAULT NULL,
  `GZH` varchar(128) DEFAULT NULL,
  `KHJDHJ` float DEFAULT NULL,
  `stamp` timestamp(6) NOT NULL DEFAULT CURRENT_TIMESTAMP(6) ON UPDATE CURRENT_TIMESTAMP(6),
  `note` varchar(2056) DEFAULT NULL,
  PRIMARY KEY (`id`),
  UNIQUE KEY `_kh_khjghz_dwh_khnf_gzh_jzgh_uc` (`DWH`,`KHNF`,`GZH`,`JZGH`)
) ENGINE=InnoDB AUTO_INCREMENT=329 DEFAULT CHARSET=utf8;

-- ----------------------------
-- Records of kh_khjghz
-- ----------------------------
BEGIN;
COMMIT;

-- ----------------------------
-- Table structure for kh_khjgmx
-- ----------------------------
DROP TABLE IF EXISTS `kh_khjgmx`;
CREATE TABLE `kh_khjgmx` (
  `id` int(11) NOT NULL AUTO_INCREMENT,
  `JZGH` varchar(16) DEFAULT NULL,
  `DWH` varchar(16) DEFAULT NULL,
  `GZH` varchar(128) DEFAULT NULL,
  `KHNF` datetime DEFAULT NULL,
  `KHJD` float DEFAULT NULL,
  `KHMX` text,
  `note` varchar(2056) DEFAULT NULL,
  `stamp` timestamp(6) NOT NULL DEFAULT CURRENT_TIMESTAMP(6) ON UPDATE CURRENT_TIMESTAMP(6),
  PRIMARY KEY (`id`)
) ENGINE=InnoDB AUTO_INCREMENT=242 DEFAULT CHARSET=utf8;

-- ----------------------------
-- Records of kh_khjgmx
-- ----------------------------
BEGIN;
INSERT INTO `kh_khjgmx` VALUES (143, '00001B', '00000C', 'ZJ-1', '2021-01-01 00:00:00', 20, 'A+', '', '2021-03-06 15:38:57.000000');
COMMIT;

-- ----------------------------
-- Table structure for kh_khpc
-- ----------------------------
DROP TABLE IF EXISTS `kh_khpc`;
CREATE TABLE `kh_khpc` (
  `id` int(11) NOT NULL AUTO_INCREMENT,
  `DWH` varchar(16) DEFAULT NULL,
  `KHNF` datetime DEFAULT NULL,
  `RQQD` datetime DEFAULT NULL,
  `RQZD` datetime DEFAULT NULL,
  `JHZT` enum('','') DEFAULT NULL,
  `FBZT` enum('','') DEFAULT NULL,
  `stamp` timestamp(6) NOT NULL DEFAULT CURRENT_TIMESTAMP(6) ON UPDATE CURRENT_TIMESTAMP(6),
  `note` varchar(2056) DEFAULT NULL,
  PRIMARY KEY (`id`),
  UNIQUE KEY `_kh_khpc_dwh_khnf_uc` (`DWH`,`KHNF`)
) ENGINE=InnoDB AUTO_INCREMENT=7 DEFAULT CHARSET=utf8;

-- ----------------------------
-- Records of kh_khpc
-- ----------------------------
BEGIN;
INSERT INTO `kh_khpc` VALUES (5, '00000C', '2021-01-01 00:00:00', '2020-01-01 00:00:00', '2020-12-31 00:00:00', '', '', '2021-03-30 07:15:58.186218', NULL);
INSERT INTO `kh_khpc` VALUES (6, '00000B', '2021-01-01 00:00:00', '2020-01-01 00:00:00', '2021-12-31 00:00:00', '', '', '2021-03-17 03:28:14.039283', NULL);
COMMIT;

-- ----------------------------
-- Table structure for st_jldj
-- ----------------------------
DROP TABLE IF EXISTS `st_jldj`;
CREATE TABLE `st_jldj` (
  `DM` varchar(3) NOT NULL,
  `MC` varchar(10) NOT NULL,
  PRIMARY KEY (`DM`) USING BTREE,
  UNIQUE KEY `st_jldj_DM_uindex` (`DM`) USING BTREE
) ENGINE=InnoDB DEFAULT CHARSET=utf8 ROW_FORMAT=DYNAMIC;

-- ----------------------------
-- Records of st_jldj
-- ----------------------------
BEGIN;
INSERT INTO `st_jldj` VALUES ('1', '');
INSERT INTO `st_jldj` VALUES ('2', '');
INSERT INTO `st_jldj` VALUES ('3', '');
INSERT INTO `st_jldj` VALUES ('4', '');
INSERT INTO `st_jldj` VALUES ('5', '');
INSERT INTO `st_jldj` VALUES ('6', '');
INSERT INTO `st_jldj` VALUES ('9', '');
COMMIT;

-- ----------------------------
-- Table structure for st_jxcgdjm
-- ----------------------------
DROP TABLE IF EXISTS `st_jxcgdjm`;
CREATE TABLE `st_jxcgdjm` (
  `DM` varchar(20) NOT NULL,
  `MC` varchar(20) NOT NULL,
  PRIMARY KEY (`DM`)
) ENGINE=InnoDB DEFAULT CHARSET=utf8;

-- ----------------------------
-- Records of st_jxcgdjm
-- ----------------------------
BEGIN;
INSERT INTO `st_jxcgdjm` VALUES ('01', ')');
INSERT INTO `st_jxcgdjm` VALUES ('02', '');
INSERT INTO `st_jxcgdjm` VALUES ('03', '');
INSERT INTO `st_jxcgdjm` VALUES ('04', '');
INSERT INTO `st_jxcgdjm` VALUES ('05', 'A');
INSERT INTO `st_jxcgdjm` VALUES ('06', 'B');
INSERT INTO `st_jxcgdjm` VALUES ('07', 'C');
COMMIT;

-- ----------------------------
-- Table structure for st_jxcglbm
-- ----------------------------
DROP TABLE IF EXISTS `st_jxcglbm`;
CREATE TABLE `st_jxcglbm` (
  `DM` varchar(20) NOT NULL,
  `MC` varchar(20) NOT NULL,
  PRIMARY KEY (`DM`)
) ENGINE=InnoDB DEFAULT CHARSET=utf8;

-- ----------------------------
-- Records of st_jxcglbm
-- ----------------------------
BEGIN;
INSERT INTO `st_jxcglbm` VALUES ('01', '');
INSERT INTO `st_jxcglbm` VALUES ('02', '');
INSERT INTO `st_jxcglbm` VALUES ('03', '');
INSERT INTO `st_jxcglbm` VALUES ('04', '');
INSERT INTO `st_jxcglbm` VALUES ('05', '');
INSERT INTO `st_jxcglbm` VALUES ('06', '');
COMMIT;

-- ----------------------------
-- Table structure for st_jxjclx
-- ----------------------------
DROP TABLE IF EXISTS `st_jxjclx`;
CREATE TABLE `st_jxjclx` (
  `DM` varchar(20) NOT NULL,
  `MC` varchar(20) NOT NULL,
  PRIMARY KEY (`DM`)
) ENGINE=InnoDB DEFAULT CHARSET=utf8;

-- ----------------------------
-- Records of st_jxjclx
-- ----------------------------
BEGIN;
INSERT INTO `st_jxjclx` VALUES ('01', 'A');
INSERT INTO `st_jxjclx` VALUES ('02', 'B');
INSERT INTO `st_jxjclx` VALUES ('03', 'C');
COMMIT;

-- ----------------------------
-- Table structure for st_jxmsjbm
-- ----------------------------
DROP TABLE IF EXISTS `st_jxmsjbm`;
CREATE TABLE `st_jxmsjbm` (
  `DM` varchar(32) NOT NULL,
  `MC` varchar(32) DEFAULT NULL,
  PRIMARY KEY (`DM`),
  UNIQUE KEY `st_jxmsjbm_DM_uindex` (`DM`)
) ENGINE=InnoDB DEFAULT CHARSET=utf8 COMMENT='';

-- ----------------------------
-- Records of st_jxmsjbm
-- ----------------------------
BEGIN;
INSERT INTO `st_jxmsjbm` VALUES ('1', '');
INSERT INTO `st_jxmsjbm` VALUES ('2', '');
INSERT INTO `st_jxmsjbm` VALUES ('3', '');
INSERT INTO `st_jxmsjbm` VALUES ('9', '');
COMMIT;

-- ----------------------------
-- Table structure for st_kcjbm
-- ----------------------------
DROP TABLE IF EXISTS `st_kcjbm`;
CREATE TABLE `st_kcjbm` (
  `DM` varchar(10) NOT NULL,
  `MC` varchar(10) DEFAULT NULL,
  PRIMARY KEY (`DM`),
  UNIQUE KEY `st_kcjbm_DM_uindex` (`DM`)
) ENGINE=InnoDB DEFAULT CHARSET=utf8 COMMENT='';

-- ----------------------------
-- Records of st_kcjbm
-- ----------------------------
BEGIN;
INSERT INTO `st_kcjbm` VALUES ('1', '');
INSERT INTO `st_kcjbm` VALUES ('2', '');
INSERT INTO `st_kcjbm` VALUES ('3', '');
INSERT INTO `st_kcjbm` VALUES ('4', '');
INSERT INTO `st_kcjbm` VALUES ('9', '');
COMMIT;

-- ----------------------------
-- Table structure for st_ky_cbs
-- ----------------------------
DROP TABLE IF EXISTS `st_ky_cbs`;
CREATE TABLE `st_ky_cbs` (
  `MC` varchar(10) DEFAULT NULL,
  `DM` varchar(3) NOT NULL,
  PRIMARY KEY (`DM`)
) ENGINE=InnoDB DEFAULT CHARSET=utf8;

-- ----------------------------
-- Records of st_ky_cbs
-- ----------------------------
BEGIN;
INSERT INTO `st_ky_cbs` VALUES ('', '1');
INSERT INTO `st_ky_cbs` VALUES ('', '10');
INSERT INTO `st_ky_cbs` VALUES ('', '2');
INSERT INTO `st_ky_cbs` VALUES ('', '3');
INSERT INTO `st_ky_cbs` VALUES ('', '4');
INSERT INTO `st_ky_cbs` VALUES ('', '5');
INSERT INTO `st_ky_cbs` VALUES ('', '6');
INSERT INTO `st_ky_cbs` VALUES ('', '7');
INSERT INTO `st_ky_cbs` VALUES ('', '8');
INSERT INTO `st_ky_cbs` VALUES ('', '9');
COMMIT;

-- ----------------------------
-- Table structure for st_ky_cbsjb
-- ----------------------------
DROP TABLE IF EXISTS `st_ky_cbsjb`;
CREATE TABLE `st_ky_cbsjb` (
  `MC` varchar(16) DEFAULT NULL,
  `DM` varchar(16) NOT NULL,
  PRIMARY KEY (`DM`)
) ENGINE=InnoDB DEFAULT CHARSET=utf8;

-- ----------------------------
-- Records of st_ky_cbsjb
-- ----------------------------
BEGIN;
INSERT INTO `st_ky_cbsjb` VALUES ('A', '1');
INSERT INTO `st_ky_cbsjb` VALUES ('B', '2');
COMMIT;

-- ----------------------------
-- Table structure for st_ky_cghjlb
-- ----------------------------
DROP TABLE IF EXISTS `st_ky_cghjlb`;
CREATE TABLE `st_ky_cghjlb` (
  `DM` varchar(3) NOT NULL,
  `MC` varchar(10) NOT NULL,
  PRIMARY KEY (`DM`) USING BTREE,
  UNIQUE KEY `st_ky_cghjlb_DM_uindex` (`DM`) USING BTREE
) ENGINE=InnoDB DEFAULT CHARSET=utf8 ROW_FORMAT=DYNAMIC;

-- ----------------------------
-- Records of st_ky_cghjlb
-- ----------------------------
BEGIN;
INSERT INTO `st_ky_cghjlb` VALUES ('01', '');
INSERT INTO `st_ky_cghjlb` VALUES ('02', '');
INSERT INTO `st_ky_cghjlb` VALUES ('03', '');
INSERT INTO `st_ky_cghjlb` VALUES ('04', '');
INSERT INTO `st_ky_cghjlb` VALUES ('05', '');
INSERT INTO `st_ky_cghjlb` VALUES ('06', '');
INSERT INTO `st_ky_cghjlb` VALUES ('07', '');
INSERT INTO `st_ky_cghjlb` VALUES ('08', '');
INSERT INTO `st_ky_cghjlb` VALUES ('09', '');
INSERT INTO `st_ky_cghjlb` VALUES ('10', '');
INSERT INTO `st_ky_cghjlb` VALUES ('11', '');
INSERT INTO `st_ky_cghjlb` VALUES ('12', '');
INSERT INTO `st_ky_cghjlb` VALUES ('99', '');
COMMIT;

-- ----------------------------
-- Table structure for st_ky_hyjbxs
-- ----------------------------
DROP TABLE IF EXISTS `st_ky_hyjbxs`;
CREATE TABLE `st_ky_hyjbxs` (
  `DM` int(11) NOT NULL,
  `MC` varchar(11) NOT NULL,
  PRIMARY KEY (`DM`),
  UNIQUE KEY `st_ky_hyjbxsm_DM_uindex` (`DM`)
) ENGINE=InnoDB DEFAULT CHARSET=utf8;

-- ----------------------------
-- Records of st_ky_hyjbxs
-- ----------------------------
BEGIN;
INSERT INTO `st_ky_hyjbxs` VALUES (1, '');
INSERT INTO `st_ky_hyjbxs` VALUES (2, '');
INSERT INTO `st_ky_hyjbxs` VALUES (3, '');
INSERT INTO `st_ky_hyjbxs` VALUES (4, '');
INSERT INTO `st_ky_hyjbxs` VALUES (5, '');
INSERT INTO `st_ky_hyjbxs` VALUES (9, '');
COMMIT;

-- ----------------------------
-- Table structure for st_ky_js
-- ----------------------------
DROP TABLE IF EXISTS `st_ky_js`;
CREATE TABLE `st_ky_js` (
  `MC` varchar(10) DEFAULT NULL,
  `DM` varchar(3) NOT NULL,
  PRIMARY KEY (`DM`)
) ENGINE=InnoDB DEFAULT CHARSET=utf8;

-- ----------------------------
-- Records of st_ky_js
-- ----------------------------
BEGIN;
INSERT INTO `st_ky_js` VALUES ('', '100');
INSERT INTO `st_ky_js` VALUES ('', '110');
INSERT INTO `st_ky_js` VALUES ('', '120');
INSERT INTO `st_ky_js` VALUES ('', '121');
INSERT INTO `st_ky_js` VALUES ('', '122');
INSERT INTO `st_ky_js` VALUES ('', '123');
INSERT INTO `st_ky_js` VALUES ('', '129');
INSERT INTO `st_ky_js` VALUES ('', '130');
INSERT INTO `st_ky_js` VALUES ('', '131');
INSERT INTO `st_ky_js` VALUES ('', '132');
INSERT INTO `st_ky_js` VALUES ('', '133');
INSERT INTO `st_ky_js` VALUES ('', '136');
INSERT INTO `st_ky_js` VALUES ('', '200');
INSERT INTO `st_ky_js` VALUES ('', '211');
INSERT INTO `st_ky_js` VALUES ('', '219');
INSERT INTO `st_ky_js` VALUES ('', '230');
INSERT INTO `st_ky_js` VALUES ('', '231');
INSERT INTO `st_ky_js` VALUES ('', '232');
INSERT INTO `st_ky_js` VALUES ('', '233');
COMMIT;

-- ----------------------------
-- Table structure for st_ky_lzlb
-- ----------------------------
DROP TABLE IF EXISTS `st_ky_lzlb`;
CREATE TABLE `st_ky_lzlb` (
  `DM` varchar(3) NOT NULL,
  `MC` varchar(10) NOT NULL,
  PRIMARY KEY (`DM`),
  UNIQUE KEY `st_ky_lzlb_DM_uindex` (`DM`)
) ENGINE=InnoDB DEFAULT CHARSET=utf8;

-- ----------------------------
-- Records of st_ky_lzlb
-- ----------------------------
BEGIN;
INSERT INTO `st_ky_lzlb` VALUES ('10', '');
INSERT INTO `st_ky_lzlb` VALUES ('11', '');
INSERT INTO `st_ky_lzlb` VALUES ('12', '');
INSERT INTO `st_ky_lzlb` VALUES ('13', '');
INSERT INTO `st_ky_lzlb` VALUES ('14', '');
INSERT INTO `st_ky_lzlb` VALUES ('21', '');
COMMIT;

-- ----------------------------
-- Table structure for st_ky_lzsl
-- ----------------------------
DROP TABLE IF EXISTS `st_ky_lzsl`;
CREATE TABLE `st_ky_lzsl` (
  `DM` varchar(3) NOT NULL,
  `MC` varchar(16) NOT NULL,
  PRIMARY KEY (`DM`) USING BTREE
) ENGINE=InnoDB DEFAULT CHARSET=utf8 ROW_FORMAT=DYNAMIC;

-- ----------------------------
-- Records of st_ky_lzsl
-- ----------------------------
BEGIN;
INSERT INTO `st_ky_lzsl` VALUES ('1', 'SCI');
INSERT INTO `st_ky_lzsl` VALUES ('10', 'B ');
INSERT INTO `st_ky_lzsl` VALUES ('11', '');
INSERT INTO `st_ky_lzsl` VALUES ('2', 'EI');
INSERT INTO `st_ky_lzsl` VALUES ('3', 'STP');
INSERT INTO `st_ky_lzsl` VALUES ('4', 'ISTP');
INSERT INTO `st_ky_lzsl` VALUES ('5', 'CSSCI');
INSERT INTO `st_ky_lzsl` VALUES ('6', 'AHCI');
INSERT INTO `st_ky_lzsl` VALUES ('7', 'SSCI');
INSERT INTO `st_ky_lzsl` VALUES ('8', '');
INSERT INTO `st_ky_lzsl` VALUES ('9', 'A ');
COMMIT;

-- ----------------------------
-- Table structure for st_ky_xkmlkj
-- ----------------------------
DROP TABLE IF EXISTS `st_ky_xkmlkj`;
CREATE TABLE `st_ky_xkmlkj` (
  `DM` varchar(4) NOT NULL,
  `MC` varchar(15) NOT NULL,
  PRIMARY KEY (`DM`),
  UNIQUE KEY `st_ky_xkmlkj_DM_uindex` (`DM`)
) ENGINE=InnoDB DEFAULT CHARSET=utf8;

-- ----------------------------
-- Records of st_ky_xkmlkj
-- ----------------------------
BEGIN;
INSERT INTO `st_ky_xkmlkj` VALUES ('1', '');
INSERT INTO `st_ky_xkmlkj` VALUES ('2', '');
INSERT INTO `st_ky_xkmlkj` VALUES ('3', '');
INSERT INTO `st_ky_xkmlkj` VALUES ('4', '');
INSERT INTO `st_ky_xkmlkj` VALUES ('5', '');
COMMIT;

-- ----------------------------
-- Table structure for st_ky_xmjfly
-- ----------------------------
DROP TABLE IF EXISTS `st_ky_xmjfly`;
CREATE TABLE `st_ky_xmjfly` (
  `DM` varchar(4) NOT NULL,
  `MC` varchar(20) NOT NULL,
  PRIMARY KEY (`DM`),
  UNIQUE KEY `st_ky_xmjfly_DM_uindex` (`DM`)
) ENGINE=InnoDB DEFAULT CHARSET=utf8;

-- ----------------------------
-- Records of st_ky_xmjfly
-- ----------------------------
BEGIN;
INSERT INTO `st_ky_xmjfly` VALUES ('1', '');
INSERT INTO `st_ky_xmjfly` VALUES ('10', '');
INSERT INTO `st_ky_xmjfly` VALUES ('11', '');
INSERT INTO `st_ky_xmjfly` VALUES ('12', '');
INSERT INTO `st_ky_xmjfly` VALUES ('13', '');
INSERT INTO `st_ky_xmjfly` VALUES ('14', '');
INSERT INTO `st_ky_xmjfly` VALUES ('15', '');
INSERT INTO `st_ky_xmjfly` VALUES ('2', '');
INSERT INTO `st_ky_xmjfly` VALUES ('4', '');
INSERT INTO `st_ky_xmjfly` VALUES ('5', '');
INSERT INTO `st_ky_xmjfly` VALUES ('6', '');
INSERT INTO `st_ky_xmjfly` VALUES ('7', '');
INSERT INTO `st_ky_xmjfly` VALUES ('8', '()');
INSERT INTO `st_ky_xmjfly` VALUES ('9', '()');
INSERT INTO `st_ky_xmjfly` VALUES ('99', '');
COMMIT;

-- ----------------------------
-- Table structure for st_ky_xmly
-- ----------------------------
DROP TABLE IF EXISTS `st_ky_xmly`;
CREATE TABLE `st_ky_xmly` (
  `MC` varchar(10) NOT NULL,
  `DM` varchar(3) NOT NULL,
  PRIMARY KEY (`DM`)
) ENGINE=InnoDB DEFAULT CHARSET=utf8;

-- ----------------------------
-- Records of st_ky_xmly
-- ----------------------------
BEGIN;
INSERT INTO `st_ky_xmly` VALUES ('973', '01');
INSERT INTO `st_ky_xmly` VALUES ('', '02');
INSERT INTO `st_ky_xmly` VALUES ('863', '03');
INSERT INTO `st_ky_xmly` VALUES ('', '04');
INSERT INTO `st_ky_xmly` VALUES ('', '05');
INSERT INTO `st_ky_xmly` VALUES ('', '06');
INSERT INTO `st_ky_xmly` VALUES ('', '07');
INSERT INTO `st_ky_xmly` VALUES ('', '12');
INSERT INTO `st_ky_xmly` VALUES ('', '13');
INSERT INTO `st_ky_xmly` VALUES ('', '14');
INSERT INTO `st_ky_xmly` VALUES ('', '15');
INSERT INTO `st_ky_xmly` VALUES ('', '16 ');
INSERT INTO `st_ky_xmly` VALUES ('', '17');
INSERT INTO `st_ky_xmly` VALUES ('', '19');
INSERT INTO `st_ky_xmly` VALUES ('', '20');
INSERT INTO `st_ky_xmly` VALUES ('', '90');
INSERT INTO `st_ky_xmly` VALUES ('', '99');
COMMIT;

-- ----------------------------
-- Table structure for st_ky_xshydj
-- ----------------------------
DROP TABLE IF EXISTS `st_ky_xshydj`;
CREATE TABLE `st_ky_xshydj` (
  `DM` int(11) NOT NULL,
  `MC` varchar(20) NOT NULL,
  PRIMARY KEY (`DM`),
  UNIQUE KEY `st_ky_xshydj_DM_uindex` (`DM`)
) ENGINE=InnoDB DEFAULT CHARSET=utf8;

-- ----------------------------
-- Records of st_ky_xshydj
-- ----------------------------
BEGIN;
INSERT INTO `st_ky_xshydj` VALUES (1, '');
INSERT INTO `st_ky_xshydj` VALUES (2, '');
INSERT INTO `st_ky_xshydj` VALUES (3, '');
INSERT INTO `st_ky_xshydj` VALUES (4, '');
INSERT INTO `st_ky_xshydj` VALUES (5, '');
INSERT INTO `st_ky_xshydj` VALUES (6, '');
INSERT INTO `st_ky_xshydj` VALUES (9, '');
COMMIT;

-- ----------------------------
-- Table structure for st_lwjbm
-- ----------------------------
DROP TABLE IF EXISTS `st_lwjbm`;
CREATE TABLE `st_lwjbm` (
  `DM` varchar(20) NOT NULL,
  `MC` varchar(20) NOT NULL,
  PRIMARY KEY (`DM`)
) ENGINE=InnoDB DEFAULT CHARSET=utf8;

-- ----------------------------
-- Records of st_lwjbm
-- ----------------------------
BEGIN;
INSERT INTO `st_lwjbm` VALUES ('01', '');
INSERT INTO `st_lwjbm` VALUES ('02', '');
INSERT INTO `st_lwjbm` VALUES ('03', '');
INSERT INTO `st_lwjbm` VALUES ('04', '');
INSERT INTO `st_lwjbm` VALUES ('05', '');
INSERT INTO `st_lwjbm` VALUES ('06', '');
INSERT INTO `st_lwjbm` VALUES ('07', '');
INSERT INTO `st_lwjbm` VALUES ('08', '');
INSERT INTO `st_lwjbm` VALUES ('09', '');
COMMIT;

-- ----------------------------
-- Table structure for st_lwlx
-- ----------------------------
DROP TABLE IF EXISTS `st_lwlx`;
CREATE TABLE `st_lwlx` (
  `DM` varchar(20) NOT NULL,
  `MC` varchar(20) NOT NULL,
  PRIMARY KEY (`DM`)
) ENGINE=InnoDB DEFAULT CHARSET=utf8;

-- ----------------------------
-- Records of st_lwlx
-- ----------------------------
BEGIN;
INSERT INTO `st_lwlx` VALUES ('01', '');
INSERT INTO `st_lwlx` VALUES ('02', '');
INSERT INTO `st_lwlx` VALUES ('03', '');
COMMIT;

-- ----------------------------
-- Table structure for st_wykctjm
-- ----------------------------
DROP TABLE IF EXISTS `st_wykctjm`;
CREATE TABLE `st_wykctjm` (
  `DM` varchar(32) NOT NULL,
  `MC` varchar(32) DEFAULT NULL,
  PRIMARY KEY (`DM`),
  UNIQUE KEY `st_wykctjm_DM_uindex` (`DM`)
) ENGINE=InnoDB DEFAULT CHARSET=utf8 COMMENT='';

-- ----------------------------
-- Records of st_wykctjm
-- ----------------------------
BEGIN;
INSERT INTO `st_wykctjm` VALUES ('1', '');
INSERT INTO `st_wykctjm` VALUES ('2', '');
INSERT INTO `st_wykctjm` VALUES ('3', '');
COMMIT;

-- ----------------------------
-- Table structure for st_xmbh
-- ----------------------------
DROP TABLE IF EXISTS `st_xmbh`;
CREATE TABLE `st_xmbh` (
  `DM` varchar(20) NOT NULL,
  `MC` varchar(20) NOT NULL,
  PRIMARY KEY (`DM`)
) ENGINE=InnoDB DEFAULT CHARSET=utf8;

-- ----------------------------
-- Records of st_xmbh
-- ----------------------------
BEGIN;
INSERT INTO `st_xmbh` VALUES ('01', 'A');
INSERT INTO `st_xmbh` VALUES ('02', 'B');
COMMIT;

-- ----------------------------
-- Table structure for st_xmzc
-- ----------------------------
DROP TABLE IF EXISTS `st_xmzc`;
CREATE TABLE `st_xmzc` (
  `DM` varchar(20) NOT NULL,
  `MC` varchar(20) NOT NULL,
  PRIMARY KEY (`DM`)
) ENGINE=InnoDB DEFAULT CHARSET=utf8;

-- ----------------------------
-- Records of st_xmzc
-- ----------------------------
BEGIN;
INSERT INTO `st_xmzc` VALUES ('01', '');
INSERT INTO `st_xmzc` VALUES ('02', '');
INSERT INTO `st_xmzc` VALUES ('03', '');
INSERT INTO `st_xmzc` VALUES ('04', '');
COMMIT;

-- ----------------------------
-- Table structure for st_xs_dssf
-- ----------------------------
DROP TABLE IF EXISTS `st_xs_dssf`;
CREATE TABLE `st_xs_dssf` (
  `DM` varchar(16) NOT NULL,
  `MC` varchar(16) NOT NULL,
  PRIMARY KEY (`DM`)
) ENGINE=InnoDB DEFAULT CHARSET=utf8;

-- ----------------------------
-- Records of st_xs_dssf
-- ----------------------------
BEGIN;
INSERT INTO `st_xs_dssf` VALUES ('1', '');
INSERT INTO `st_xs_dssf` VALUES ('2', '');
COMMIT;

-- ----------------------------
-- Table structure for st_xs_pyfs
-- ----------------------------
DROP TABLE IF EXISTS `st_xs_pyfs`;
CREATE TABLE `st_xs_pyfs` (
  `MC` varchar(16) NOT NULL,
  `DM` varchar(16) NOT NULL,
  PRIMARY KEY (`DM`)
) ENGINE=InnoDB DEFAULT CHARSET=utf8;

-- ----------------------------
-- Records of st_xs_pyfs
-- ----------------------------
BEGIN;
INSERT INTO `st_xs_pyfs` VALUES ('', '11');
INSERT INTO `st_xs_pyfs` VALUES ('', '12');
INSERT INTO `st_xs_pyfs` VALUES ('', '30');
COMMIT;

-- ----------------------------
-- Table structure for st_xs_xsdqzt
-- ----------------------------
DROP TABLE IF EXISTS `st_xs_xsdqzt`;
CREATE TABLE `st_xs_xsdqzt` (
  `DM` varchar(16) NOT NULL,
  `MC` varchar(16) NOT NULL,
  PRIMARY KEY (`DM`)
) ENGINE=InnoDB DEFAULT CHARSET=utf8;

-- ----------------------------
-- Records of st_xs_xsdqzt
-- ----------------------------
BEGIN;
INSERT INTO `st_xs_xsdqzt` VALUES ('1', '');
INSERT INTO `st_xs_xsdqzt` VALUES ('2', '');
INSERT INTO `st_xs_xsdqzt` VALUES ('3', '');
INSERT INTO `st_xs_xsdqzt` VALUES ('7', '');
COMMIT;

-- ----------------------------
-- Table structure for st_xs_xslb
-- ----------------------------
DROP TABLE IF EXISTS `st_xs_xslb`;
CREATE TABLE `st_xs_xslb` (
  `MC` varchar(16) NOT NULL,
  `DM` varchar(16) NOT NULL,
  PRIMARY KEY (`DM`)
) ENGINE=InnoDB DEFAULT CHARSET=utf8;

-- ----------------------------
-- Records of st_xs_xslb
-- ----------------------------
BEGIN;
INSERT INTO `st_xs_xslb` VALUES ('', '4313');
INSERT INTO `st_xs_xslb` VALUES ('', '4314');
INSERT INTO `st_xs_xslb` VALUES ('', '432');
COMMIT;

-- ----------------------------
-- Table structure for st_xx_jb
-- ----------------------------
DROP TABLE IF EXISTS `st_xx_jb`;
CREATE TABLE `st_xx_jb` (
  `DM` varchar(3) NOT NULL,
  `MC` varchar(20) NOT NULL,
  PRIMARY KEY (`DM`)
) ENGINE=InnoDB DEFAULT CHARSET=utf8 ROW_FORMAT=DYNAMIC;

-- ----------------------------
-- Records of st_xx_jb
-- ----------------------------
BEGIN;
INSERT INTO `st_xx_jb` VALUES ('10', '');
INSERT INTO `st_xx_jb` VALUES ('20', '');
INSERT INTO `st_xx_jb` VALUES ('21', '');
INSERT INTO `st_xx_jb` VALUES ('22', '');
INSERT INTO `st_xx_jb` VALUES ('23', '');
INSERT INTO `st_xx_jb` VALUES ('30', '');
INSERT INTO `st_xx_jb` VALUES ('31', '');
INSERT INTO `st_xx_jb` VALUES ('32', '');
INSERT INTO `st_xx_jb` VALUES ('33', '');
INSERT INTO `st_xx_jb` VALUES ('40', '');
INSERT INTO `st_xx_jb` VALUES ('41', '');
INSERT INTO `st_xx_jb` VALUES ('42', '');
INSERT INTO `st_xx_jb` VALUES ('43', '');
INSERT INTO `st_xx_jb` VALUES ('50', '');
INSERT INTO `st_xx_jb` VALUES ('51', '');
INSERT INTO `st_xx_jb` VALUES ('52', '');
INSERT INTO `st_xx_jb` VALUES ('53', '');
INSERT INTO `st_xx_jb` VALUES ('60', '');
INSERT INTO `st_xx_jb` VALUES ('70', '');
INSERT INTO `st_xx_jb` VALUES ('99', '');
COMMIT;

-- ----------------------------
-- Table structure for st_xx_sfbz
-- ----------------------------
DROP TABLE IF EXISTS `st_xx_sfbz`;
CREATE TABLE `st_xx_sfbz` (
  `DM` varchar(4) NOT NULL,
  `MC` varchar(4) NOT NULL,
  PRIMARY KEY (`DM`),
  UNIQUE KEY `st_xx_sfbz_DM_uindex` (`DM`)
) ENGINE=InnoDB DEFAULT CHARSET=utf8;

-- ----------------------------
-- Records of st_xx_sfbz
-- ----------------------------
BEGIN;
INSERT INTO `st_xx_sfbz` VALUES ('0', '');
INSERT INTO `st_xx_sfbz` VALUES ('1', '');
COMMIT;

-- ----------------------------
-- View structure for view_bcykh
-- ----------------------------
DROP VIEW IF EXISTS `view_bcykh`;
CREATE ALGORITHM = UNDEFINED SQL SECURITY DEFINER VIEW `view_bcykh` AS select `kh`.`id` AS `id`,`kh`.`DWH` AS `DWH`,`dr`.`DWMC` AS `DWMC`,`kh`.`KHNF` AS `KHNF`,`kh`.`JZGH` AS `JZGH`,`zg`.`XM` AS `XM`,`kh`.`CYZT` AS `CYZT`,`kh`.`stamp` AS `stamp`,`kh`.`note` AS `note` from (((`kh_bcykh` `kh` left join `dr_zzjgjbsjxx` `dr` on((`dr`.`DWH` = `kh`.`DWH`))) left join `dr_jzgjcsjxx` `zg` on((`zg`.`JZGH` = `kh`.`JZGH`))) left join `kh_khpc` `pc` on(((`pc`.`DWH` = `kh`.`DWH`) and (`pc`.`KHNF` = `kh`.`KHNF`)))) where (1 = 1);

-- ----------------------------
-- View structure for view_bjsjxx
-- ----------------------------
DROP VIEW IF EXISTS `view_bjsjxx`;
CREATE ALGORITHM = UNDEFINED SQL SECURITY DEFINER VIEW `view_bjsjxx` AS select `dr`.`id` AS `id`,`dr`.`BH` AS `BH`,`dr`.`BJ` AS `BJ`,`dr`.`JBNY` AS `JBNY`,`dr`.`RXNF` AS `RXNF`,`dr`.`FDYH` AS `FDYH`,`fdy`.`XM` AS `FDYXM`,`dr`.`BDS` AS `BDS`,`bds`.`XM` AS `BDSXM`,`dr`.`SSXY` AS `DWH`,`dr`.`SSXY` AS `SSXY`,`zzjg`.`DWMC` AS `SSXYMC`,`dr`.`SSZY` AS `SSZY`,`dr`.`XSLB` AS `XSLB`,`dr`.`QYBZ` AS `QYBZ`,`dr`.`stamp` AS `stamp`,`dr`.`note` AS `note` from (((`dr_bjsjxx` `dr` left join `dr_jzgjcsjxx` `bds` on((`bds`.`JZGH` = `dr`.`BDS`))) left join `dr_jzgjcsjxx` `fdy` on((`fdy`.`JZGH` = `dr`.`FDYH`))) left join `dr_zzjgjbsjxx` `zzjg` on((`zzjg`.`DWH` = `dr`.`SSXY`))) where (1 = 1);

-- ----------------------------
-- View structure for view_bksjxzxs
-- ----------------------------
DROP VIEW IF EXISTS `view_bksjxzxs`;
CREATE ALGORITHM = UNDEFINED SQL SECURITY DEFINER VIEW `view_bksjxzxs` AS select `pk`.`id` AS `id`,`pk`.`JSGH` AS `JSGH`,`pk`.`JSGH` AS `JZGH`,`pk`.`JSXM` AS `JSXM`,`pk`.`KKXND` AS `KKXND`,`pk`.`KKXQM` AS `KKXQM`,`kc`.`LLXS` AS `JHXSS`,`pk`.`ZKJHXS` AS `ZKJHXS`,`pk`.`ZLXS` AS `ZLXS`,`pk`.`HBS` AS `HBS`,`pk`.`SKBJH` AS `SKBJH`,`pk`.`WYKCTJM` AS `WYKCTJM`,`pk`.`JXMSJBM` AS `JXMSJBM`,`pk`.`KCJBM` AS `KCJBM`,`kc`.`KCH` AS `KCH`,`pk`.`DWH` AS `DWH`,`pk`.`DWMC` AS `DWMC`,`xn`.`XQQSSJ` AS `stamp`,`pk`.`note` AS `note` from (((`dr_pksjxx` `pk` left join `dr_kcsjxx` `kc` on((`kc`.`KCH` = `pk`.`KCH`))) left join `dr_xnxqxx` `xn` on((`xn`.`XQQSSJ` = `pk`.`KKXQM`))) left join `dr_zzjgjbsjxx` `zz` on((`zz`.`DWH` = `pk`.`DWH`))) where (1 = 1);

-- ----------------------------
-- View structure for view_bkszkjxzxs
-- ----------------------------
DROP VIEW IF EXISTS `view_bkszkjxzxs`;
CREATE ALGORITHM = UNDEFINED SQL SECURITY DEFINER VIEW `view_bkszkjxzxs` AS select `pk`.`id` AS `id`,`pk`.`JSGH` AS `JSGH`,`pk`.`JSGH` AS `JZGH`,`pk`.`JSXM` AS `JSXM`,`pk`.`KKXND` AS `KKXND`,`pk`.`KKXQM` AS `KKXQM`,`kc`.`LLXS` AS `JHXSS`,`pk`.`ZKJHXS` AS `ZKJHXS`,`pk`.`ZLXS` AS `ZLXS`,`pk`.`HBS` AS `HBS`,`pk`.`SKBJH` AS `SKBJH`,`pk`.`WYKCTJM` AS `WYKCTJM`,`pk`.`JXMSJBM` AS `JXMSJBM`,`pk`.`KCJBM` AS `KCJBM`,`kc`.`KCH` AS `KCH`,`pk`.`DWH` AS `DWH`,`pk`.`DWMC` AS `DWMC`,`xn`.`XQQSSJ` AS `stamp`,`pk`.`note` AS `note` from (((`dr_pkzksjxx` `pk` left join `dr_kcsjxx` `kc` on((`kc`.`KCH` = `pk`.`KCH`))) left join `dr_xnxqxx` `xn` on((`xn`.`XQQSSJ` = `pk`.`KKXQM`))) left join `dr_zzjgjbsjxx` `zz` on((`zz`.`DWH` = `pk`.`DWH`))) where (1 = 1);

-- ----------------------------
-- View structure for view_bks_jpkc
-- ----------------------------
DROP VIEW IF EXISTS `view_bks_jpkc`;
CREATE ALGORITHM = UNDEFINED SQL SECURITY DEFINER VIEW `view_bks_jpkc` AS select `jp`.`id` AS `id`,`jp`.`KCH` AS `KCH`,`jp`.`KCMC` AS `KCMC`,`jp`.`KCJBM` AS `KCJBM`,`jp`.`FZRGH` AS `FZRGH`,`jp`.`FZRXM` AS `FZRXM`,`jp`.`DWH` AS `DWH`,`jp`.`stamp` AS `stamp`,`jp`.`note` AS `note` from (((`dr_bks_jpkc` `jp` left join `dr_kcsjxx` `kc` on((`kc`.`KCH` = `jp`.`KCH`))) left join `dr_zzjgjbsjxx` `zzjg` on((`zzjg`.`DWH` = `jp`.`DWH`))) left join `dr_jzgjcsjxx` `dr_jzg` on((`dr_jzg`.`JZGH` = `jp`.`FZRGH`))) where (1 = 1);

-- ----------------------------
-- View structure for view_hjcgjbsjxx
-- ----------------------------
DROP VIEW IF EXISTS `view_hjcgjbsjxx`;
CREATE ALGORITHM = UNDEFINED SQL SECURITY DEFINER VIEW `view_hjcgjbsjxx` AS select `dr_hjcg`.`id` AS `id`,`dr_hjcg`.`HJCGBH` AS `HJCGBH`,`dr_hjcg`.`HJCGMC` AS `HJCGMC`,`dr_hjcg`.`XMLYM` AS `XMLYM`,`dr_hjcg`.`DWH` AS `DWH`,`dr_hjcg`.`HJRQ` AS `HJRQ`,`dr_hjcg`.`CGHJLBM` AS `CGHJLBM`,`dr_hjcg`.`KJJLB` AS `KJJLB`,`dr_hjcg`.`JLDJM` AS `JLDJM`,`dr_hjcg`.`HJJBM` AS `HJJBM`,`dr_hjcg`.`XKLYM` AS `XKLYM`,`dr_hjcg`.`BJDW` AS `BJDW`,`dr_hjcg`.`SSXMBH` AS `SSXMBH`,`dr_hjcg`.`DWPM` AS `DWPM`,`dr_hjcg`.`XKMLKJM` AS `XKMLKJM`,`dr_hjcg`.`FZRYH` AS `FZRYH`,`dr_hjcg`.`FZRYH` AS `JZGH`,`dr_hjcg`.`FZRXM` AS `FZRXM`,`dr_hjcg`.`YJXK` AS `YJXK`,`dr_hjcg`.`DWMC` AS `DWMC`,`dr_hjcg`.`YJSMC` AS `YJSMC`,`dr_hjcg`.`CGXS` AS `CGXS`,`dr_hjcg`.`HJMC` AS `HJMC`,`dr_hjcg`.`HJBH` AS `HJBH`,`dr_hjcg`.`HJRQ` AS `stamp`,`dr_hjcg`.`note` AS `note` from (`dr_hjcgjbsjxx` `dr_hjcg` left join `dc_hjcgjbsjxx` `dc_hjcg` on((`dr_hjcg`.`HJCGBH` = `dr_hjcg`.`HJCGBH`))) where (1 = 1);

-- ----------------------------
-- View structure for view_jcbzxx
-- ----------------------------
DROP VIEW IF EXISTS `view_jcbzxx`;
CREATE ALGORITHM = UNDEFINED SQL SECURITY DEFINER VIEW `view_jcbzxx` AS select `dr_bzxx`.`id` AS `id`,`dr_bzxx`.`BZZH` AS `BZZH`,`dr_bzxx`.`BZZH` AS `JZGH`,`dr_bzxx`.`BZZXM` AS `BZZXM`,`dr_bzxx`.`DWH` AS `DWH`,`dr_bzxx`.`BZZDW` AS `BZZDW`,`dr_bzxx`.`GXL` AS `GXL`,`dr_jcxx`.`JCZS` AS `JCZS`,`dr_jcxx`.`JCLB` AS `JCLB`,`dr_jcxx`.`DYZBH` AS `DYZBH`,`dr_jcxx`.`DYZBXM` AS `DYZBXM`,`dr_jcxx`.`JCBH` AS `JCBH`,`dr_jcxx`.`JCMC` AS `JCMC`,`dr_jcxx`.`CBRQ` AS `CBRQ`,`dr_jcxx`.`CBRQ` AS `stamp`,`dr_jcxx`.`note` AS `note` from (`dr_bzxx` left join `dr_jcjbsjxx` `dr_jcxx` on((`dr_bzxx`.`JCBH` = `dr_jcxx`.`JCBH`))) where (1 = 1);

-- ----------------------------
-- View structure for view_jcjbsjxx
-- ----------------------------
DROP VIEW IF EXISTS `view_jcjbsjxx`;
CREATE ALGORITHM = UNDEFINED SQL SECURITY DEFINER VIEW `view_jcjbsjxx` AS select `dr_jcxx`.`id` AS `id`,`dr_jcxx`.`CBH` AS `CBH`,`dr_jcxx`.`JCMC` AS `JCMC`,`dr_jcxx`.`BC` AS `BC`,`dr_jcxx`.`DWH` AS `DWH`,`dr_jcxx`.`DWMC` AS `DWMC`,`dr_jcxx`.`CBS` AS `CBS`,`dr_jcxx`.`CBRQ` AS `CBRQ`,`dr_jcxx`.`JCBH` AS `JCBH`,`dr_jcxx`.`JCLB` AS `JCLB`,`dr_jcxx`.`JCZS` AS `JCZS`,`dr_jcxx`.`DYZBH` AS `DYZBH`,`dr_jcxx`.`DYZBH` AS `JZGH`,`dr_jcxx`.`DYZBXM` AS `DYZBXM`,`dr_jcxx`.`CBRQ` AS `stamp`,`dr_jcxx`.`note` AS `note` from (`dr_jcjbsjxx` `dr_jcxx` left join `dc_jcjbsjxx` `dc_jcxx` on((`dc_jcxx`.`JCBH` = `dr_jcxx`.`JCBH`))) where (1 = 1);

-- ----------------------------
-- View structure for view_jgxmxx
-- ----------------------------
DROP VIEW IF EXISTS `view_jgxmxx`;
CREATE ALGORITHM = UNDEFINED SQL SECURITY DEFINER VIEW `view_jgxmxx` AS select `dr_jg`.`id` AS `id`,`dr_jg`.`DWH` AS `DWH`,`dr_jg`.`JZGH` AS `JZGH`,`dr_jg`.`JZGXM` AS `JZGXM`,`dr_jg`.`GXL` AS `GXL`,`dr_jg`.`ND` AS `ND`,`dr_jg`.`XMXH` AS `XMXH`,`dr_jg`.`XMBH` AS `XMBH`,`dr_jg`.`XMMC` AS `XMMC`,`dr_jg`.`XMFZRH` AS `XMFZRH`,`dr_jg`.`XM` AS `XM`,`dr_jg`.`LXRQ` AS `LXRQ`,`dr_jg`.`PZJF` AS `PZJF`,`dr_jg`.`XMJBM` AS `XMJBM`,`dr_jg`.`JSLXM` AS `JSLXM`,`dr_jg`.`SJLYM` AS `SJLYM`,`dr_jg`.`XMJB` AS `XMJB`,`dr_jg`.`CYRC` AS `CYRC`,`dr_jg`.`stamp` AS `stamp`,`dr_jg`.`note` AS `note` from (((`dr_jgxmxx` `dr_jg` left join `dc_jgxmxx` `dc_jg` on((`dc_jg`.`JZGH` = `dr_jg`.`JZGH`))) left join `dr_zzjgjbsjxx` `dw` on((`dw`.`DWH` = `dr_jg`.`DWH`))) left join `dr_jzgjcsjxx` `jz` on((`jz`.`JZGH` = `dr_jg`.`JZGH`))) where (1 = 1);

-- ----------------------------
-- View structure for view_jkxss
-- ----------------------------
DROP VIEW IF EXISTS `view_jkxss`;
CREATE ALGORITHM = UNDEFINED SQL SECURITY DEFINER VIEW `view_jkxss` AS select `dr`.`id` AS `id`,`dr`.`KSRQ` AS `KSRQ`,`dr`.`KSSC` AS `KSSC`,`dr`.`KSFSLXM` AS `KSFSLXM`,`dr`.`KCH` AS `KCH`,`dr`.`JKRGH` AS `JZGH`,`dr`.`JKRGH` AS `JKRGH`,`dr`.`KSJSH` AS `KSJSH`,`dr`.`JKRXM` AS `JKRXM`,`dr`.`KSRS` AS `KSRS`,`dr`.`SSXY` AS `SSXY`,`jkr`.`DWH` AS `JSSSXY`,`jkr`.`DWH` AS `DWH`,`dr`.`KSRQ` AS `stamp`,`dr`.`note` AS `note` from ((`dr_ksapxx` `dr` left join `dr_jzgjcsjxx` `jkr` on((`jkr`.`JZGH` = `dr`.`JKRGH`))) left join `dr_pksjxx` `pk` on((`pk`.`KCH` = `dr`.`KCH`))) where (1 = 1);

-- ----------------------------
-- View structure for view_jxcgwcrxx
-- ----------------------------
DROP VIEW IF EXISTS `view_jxcgwcrxx`;
CREATE ALGORITHM = UNDEFINED SQL SECURITY DEFINER VIEW `view_jxcgwcrxx` AS select `dr_jxcg`.`id` AS `id`,`dr_jxcg`.`WCRH` AS `WCRH`,`dr_jxcg`.`WCRH` AS `JZGH`,`dr_jxcg`.`WCRXM` AS `WCRXM`,`dr_jxcg`.`WCRJSM` AS `WCRJSM`,`dr_jxcg`.`DWH` AS `DWH`,`dr_jxcg`.`WCDW` AS `WCDW`,`dr_jxcg`.`JXCGBH` AS `JXCGBH`,`dr_jxxx`.`JXCGMC` AS `JXCGMC`,`dr_jxxx`.`HJMC` AS `HJMC`,`dr_jxxx`.`JLJBM` AS `JLJBM`,`dr_jxxx`.`JLDJM` AS `JLDJM`,`dr_jxxx`.`JLLBM` AS `JLLBM`,`dr_jxcg`.`GXL` AS `GXL`,`dr_jxxx`.`BJDW` AS `BJDW`,`dr_jxxx`.`BJNF` AS `BJNF`,`dr_jxcg`.`BJRQ` AS `BJRQ`,`dr_jxxx`.`ZYWCR` AS `ZYWCR`,`dr_jxxx`.`WCRZS` AS `WCRZS`,`dr_jxcg`.`BJRQ` AS `stamp`,`dr_jxcg`.`note` AS `note` from ((`dr_jxcgwcrxx` `dr_jxcg` left join `dc_jxcgwcrxx` `dc_jxcg` on((`dr_jxcg`.`JXCGBH` = `dc_jxcg`.`JXCGBH`))) left join `dr_jxhjxx` `dr_jxxx` on((`dr_jxcg`.`JXCGBH` = `dr_jxxx`.`JXCGBH`))) where (1 = 1);

-- ----------------------------
-- View structure for view_jxhjxx
-- ----------------------------
DROP VIEW IF EXISTS `view_jxhjxx`;
CREATE ALGORITHM = UNDEFINED SQL SECURITY DEFINER VIEW `view_jxhjxx` AS select `dr_kjxm`.`id` AS `id`,`dr_kjxm`.`FZRYH` AS `FZRYH`,`dr_kjxm`.`FZRXM` AS `FZRXM`,`dr_kjxm`.`DWH` AS `DWH`,`dr_kjxm`.`BJDW` AS `BJDW`,`dr_kjxm`.`JXCGBH` AS `JXCGBH`,`dr_kjxm`.`JXCGMC` AS `JXCGMC`,`dr_kjxm`.`HJMC` AS `HJMC`,`dr_kjxm`.`JLJBM` AS `JLJBM`,`dr_kjxm`.`JLDJM` AS `JLDJM`,`dr_kjxm`.`JLLBM` AS `JLLBM`,`dr_kjxm`.`BJNF` AS `BJNF`,`dr_kjxm`.`BJRQ` AS `BJRQ`,`dr_kjxm`.`ZYWCR` AS `ZYWCR`,`dr_kjxm`.`WCRZS` AS `WCRZS`,`dr_kjxm`.`BJRQ` AS `stamp`,`dr_kjxm`.`note` AS `note` from (`dr_jxhjxx` `dr_kjxm` left join `dc_jxhjxx` `dc` on((`dr_kjxm`.`JXCGBH` = `dc`.`JXCGBH`))) where (1 = 1);

-- ----------------------------
-- View structure for view_jxkhgz
-- ----------------------------
DROP VIEW IF EXISTS `view_jxkhgz`;
CREATE ALGORITHM = UNDEFINED SQL SECURITY DEFINER VIEW `view_jxkhgz` AS select `kh`.`id` AS `id`,`kh`.`GZH` AS `GZH`,`kh`.`DWH` AS `DWH`,`dw`.`DWMC` AS `DWMC`,`kh`.`KHLX` AS `KHLX`,`kh`.`KHZL` AS `KHZL`,`kh`.`XXKHZL` AS `XXKHZL`,`kh`.`KHMC` AS `KHMC`,`kh`.`KHSJDX` AS `KHSJDX`,`kh`.`GZTJ` AS `GZTJ`,`kh`.`JXFSJS` AS `JXFSJS`,`kh`.`KHMXMB` AS `KHMXMB`,`kh`.`KHJGDX` AS `KHJGDX`,`kh`.`stamp` AS `stamp`,`kh`.`note` AS `note` from (`kh_jxkhgz` `kh` left join `dr_zzjgjbsjxx` `dw` on((`dw`.`DWH` = `kh`.`DWH`))) where (1 = 1);

-- ----------------------------
-- View structure for view_jzgjcsjxx
-- ----------------------------
DROP VIEW IF EXISTS `view_jzgjcsjxx`;
CREATE ALGORITHM = UNDEFINED SQL SECURITY DEFINER VIEW `view_jzgjcsjxx` AS select `dr`.`id` AS `id`,`dr`.`JZGH` AS `JZGH`,`dr`.`DWH` AS `DWH`,`zzjg`.`DWMC` AS `DWMC`,`dr`.`XM` AS `XM`,`dr`.`YWXM` AS `YWXM`,`dr`.`XMPY` AS `XMPY`,`dr`.`CYM` AS `CYM`,`dr`.`XBM` AS `XBM`,`dr`.`CSRQ` AS `CSRQ`,`dr`.`CSDM` AS `CSDM`,`dr`.`BZLBM` AS `BZLBM`,`dr`.`JZGLBM` AS `JZGLBM`,`dr`.`DQZTM` AS `DQZTM`,`dr`.`stamp` AS `stamp`,`dr`.`note` AS `note` from ((`dr_jzgjcsjxx` `dr` left join `dc_jzgjcsjxx` `dc` on((`dc`.`JZGH` = `dr`.`JZGH`))) left join `dr_zzjgjbsjxx` `zzjg` on((`zzjg`.`DWH` = `dr`.`DWH`))) where (1 = 1);

-- ----------------------------
-- View structure for view_kcsjxss
-- ----------------------------
DROP VIEW IF EXISTS `view_kcsjxss`;
CREATE ALGORITHM = UNDEFINED SQL SECURITY DEFINER VIEW `view_kcsjxss` AS select `pk`.`id` AS `id`,`pk`.`JSGH` AS `JSGH`,`pk`.`JSGH` AS `JZGH`,`pk`.`JSXM` AS `JSXM`,`pk`.`KKXND` AS `KKXND`,`pk`.`KKXQM` AS `KKXQM`,`pk`.`HBS` AS `HBS`,`pk`.`ZLXS` AS `ZLXS`,`kc`.`KCH` AS `KCH`,`dr_jzg`.`DWH` AS `DWH`,`pk`.`SXZS` AS `SXZS`,`xn`.`XQQSSJ` AS `stamp`,`pk`.`note` AS `note` from (((`dr_kcsjsjxx` `pk` left join `dr_kcsjxx` `kc` on((`kc`.`KCH` = `pk`.`KCH`))) left join `dr_xnxqxx` `xn` on((`xn`.`XQQSSJ` = `pk`.`KKXQM`))) left join `dr_jzgjcsjxx` `dr_jzg` on((`dr_jzg`.`JZGH` = `pk`.`JSGH`))) where (1 = 1);

-- ----------------------------
-- View structure for view_kcsjxx
-- ----------------------------
DROP VIEW IF EXISTS `view_kcsjxx`;
CREATE ALGORITHM = UNDEFINED SQL SECURITY DEFINER VIEW `view_kcsjxx` AS select `kc`.`id` AS `id`,`kc`.`JZGH` AS `JZGH`,`kc`.`KCH` AS `KCH`,`kc`.`KCMC` AS `KCMC`,`kc`.`ZXS` AS `ZXS`,`kc`.`LLXS` AS `LLXS`,`kc`.`SYXS` AS `SYXS`,`kc`.`SJXS` AS `SJXS`,`dr_jzg`.`DWH` AS `DWH`,`kc`.`stamp` AS `stamp`,`kc`.`note` AS `note` from (`dr_kcsjxx` `kc` left join `dr_jzgjcsjxx` `dr_jzg` on((`dr_jzg`.`JZGH` = `kc`.`JZGH`))) where (1 = 1);

-- ----------------------------
-- View structure for view_khgzdz
-- ----------------------------
DROP VIEW IF EXISTS `view_khgzdz`;
CREATE ALGORITHM = UNDEFINED SQL SECURITY DEFINER VIEW `view_khgzdz` AS select `kh`.`id` AS `id`,`kh`.`DWH` AS `DWH`,`dr`.`DWMC` AS `DWMC`,`kh`.`KHNF` AS `KHNF`,`kh`.`GZH` AS `GZH`,`kh`.`GZQY` AS `GZQY`,`gz`.`KHMC` AS `KHMC`,`kh`.`stamp` AS `stamp`,`kh`.`note` AS `note` from ((`kh_khgzdz` `kh` left join `dr_zzjgjbsjxx` `dr` on((`dr`.`DWH` = `kh`.`DWH`))) left join `kh_jxkhgz` `gz` on((`gz`.`GZH` = `kh`.`GZH`))) where (1 = 1);

-- ----------------------------
-- View structure for view_khjghz
-- ----------------------------
DROP VIEW IF EXISTS `view_khjghz`;
CREATE ALGORITHM = UNDEFINED SQL SECURITY DEFINER VIEW `view_khjghz` AS select `kh`.`id` AS `id`,`kh`.`JZGH` AS `JZGH`,`zg`.`XM` AS `XM`,`kh`.`DWH` AS `DWH`,`dr`.`DWMC` AS `DWMC`,`kh`.`LSDWH` AS `LSDWH`,`ls`.`DWMC` AS `LSDWMC`,`kh`.`KHNF` AS `KHNF`,`kh`.`GZH` AS `GZH`,`gz`.`KHMC` AS `KHMC`,`gz`.`KHLX` AS `KHLX`,`gz`.`KHZL` AS `KHZL`,`gz`.`XXKHZL` AS `XXKHZL`,`kh`.`KHJDHJ` AS `KHJDHJ`,`kh`.`stamp` AS `stamp`,`kh`.`note` AS `note` from ((((`kh_khjghz` `kh` left join `dr_zzjgjbsjxx` `dr` on((`dr`.`DWH` = `kh`.`DWH`))) left join `dr_zzjgjbsjxx` `ls` on((`ls`.`DWH` = `kh`.`LSDWH`))) left join `dr_jzgjcsjxx` `zg` on((`zg`.`JZGH` = `kh`.`JZGH`))) left join `kh_jxkhgz` `gz` on((`gz`.`GZH` = `kh`.`GZH`))) where (1 = 1);

-- ----------------------------
-- View structure for view_khjgmx
-- ----------------------------
DROP VIEW IF EXISTS `view_khjgmx`;
CREATE ALGORITHM = UNDEFINED SQL SECURITY DEFINER VIEW `view_khjgmx` AS select `kh`.`id` AS `id`,`kh`.`KHNF` AS `KHNF`,`kh`.`JZGH` AS `JZGH`,`zg`.`XM` AS `XM`,`kh`.`DWH` AS `DWH`,`dr`.`DWMC` AS `DWMC`,`kh`.`GZH` AS `GZH`,`gz`.`KHMC` AS `KHMC`,`kh`.`KHJD` AS `KHJD`,`kh`.`KHMX` AS `KHMX`,`kh`.`stamp` AS `stamp`,`kh`.`note` AS `note` from (((`kh_khjgmx` `kh` left join `dr_zzjgjbsjxx` `dr` on((`dr`.`DWH` = `kh`.`DWH`))) left join `dr_jzgjcsjxx` `zg` on((`zg`.`JZGH` = `kh`.`JZGH`))) left join `kh_jxkhgz` `gz` on((`gz`.`GZH` = `kh`.`GZH`))) where (1 = 1);

-- ----------------------------
-- View structure for view_khpc
-- ----------------------------
DROP VIEW IF EXISTS `view_khpc`;
CREATE ALGORITHM = UNDEFINED SQL SECURITY DEFINER VIEW `view_khpc` AS select `kh`.`id` AS `id`,`kh`.`DWH` AS `DWH`,`dr`.`DWMC` AS `DWMC`,`kh`.`KHNF` AS `KHNF`,`kh`.`RQQD` AS `RQQD`,`kh`.`RQZD` AS `RQZD`,`kh`.`JHZT` AS `JHZT`,`kh`.`FBZT` AS `FBZT`,`kh`.`stamp` AS `stamp`,`kh`.`note` AS `note` from (`kh_khpc` `kh` left join `dr_zzjgjbsjxx` `dr` on((`dr`.`DWH` = `kh`.`DWH`))) where (1 = 1);

-- ----------------------------
-- View structure for view_kjcgryxx_jl
-- ----------------------------
DROP VIEW IF EXISTS `view_kjcgryxx_jl`;
CREATE ALGORITHM = UNDEFINED SQL SECURITY DEFINER VIEW `view_kjcgryxx_jl` AS select `dr_kjcg_jl`.`id` AS `id`,`dr_kjcg_jl`.`RYH` AS `RYH`,`dr_kjcg_jl`.`XM` AS `XM`,`dr_kjcg_jl`.`JSM` AS `JSM`,`dr_kjcg_jl`.`ZXZS` AS `ZXZS`,`dr_kjcg_jl`.`PMZRS` AS `PMZRS`,`dr_kjcg_jl`.`GXL` AS `GXL`,`dr_kjcg_jl`.`SZDW` AS `SZDW`,`dr_kjcg_jl`.`RYLX` AS `RYLX`,`dr_kjcg_jl`.`HJCGBH` AS `HJCGBH`,`dr_kjcg_jl`.`KJCGRYBH` AS `KJCGRYBH`,`dr_kjcg_jl`.`RYH` AS `JZGH`,`dr_hjcg`.`HJRQ` AS `stamp`,`dr_kjcg_jl`.`note` AS `note`,`dr_hjcg`.`HJRQ` AS `HJRQ`,`dr_hjcg`.`FZRXM` AS `FZRXM`,`dr_hjcg`.`DWMC` AS `DWMC`,`dr_hjcg`.`DWH` AS `DWH`,`dr_hjcg`.`CGHJLBM` AS `CGHJLBM`,`dr_hjcg`.`JLDJM` AS `JLDJM`,`dr_hjcg`.`HJJBM` AS `HJJBM` from (`dr_kjcgryxx_jl` `dr_kjcg_jl` left join `dr_hjcgjbsjxx` `dr_hjcg` on((`dr_kjcg_jl`.`HJCGBH` = `dr_hjcg`.`HJCGBH`))) where (1 = 1);

-- ----------------------------
-- View structure for view_kjcgryxx_lw
-- ----------------------------
DROP VIEW IF EXISTS `view_kjcgryxx_lw`;
CREATE ALGORITHM = UNDEFINED SQL SECURITY DEFINER VIEW `view_kjcgryxx_lw` AS select `dr`.`id` AS `id`,`jz`.`DWH` AS `DWH`,`sl`.`SLLX` AS `SLLX`,`sl`.`SLBH` AS `SLBH`,`sl`.`SLSJ` AS `SLSJ`,`sl`.`SLQH` AS `SLQH`,`dr`.`RYH` AS `RYH`,`dr`.`RYH` AS `JZGH`,`dr`.`JSM` AS `JSM`,`dr`.`ZXZS` AS `ZXZS`,`dr`.`PMZRS` AS `PMZRS`,`dr`.`GXL` AS `GXL`,`dr`.`XM` AS `XM`,`dr`.`SZDW` AS `SZDW`,`dr`.`RYLX` AS `RYLX`,`dr`.`LWBH` AS `LWBH`,`dr`.`KJCGRYBH` AS `KJCGRYBH`,`qk`.`LWMC` AS `LWMC`,`qk`.`LWLXM` AS `LWLXM`,`qk`.`DYZZ` AS `DYZZ`,`qk`.`CYRY` AS `CYRY`,`qk`.`TXZZ` AS `TXZZ`,`qk`.`JSQK` AS `JSQK`,`qk`.`JQY` AS `JQY`,`qk`.`WDWZZPX` AS `WDWZZPX`,`qk`.`BZXYBJZDSYS` AS `BZXYBJZDSYS`,`kj`.`FBRQ` AS `FBRQ`,`kj`.`JH` AS `JH`,`kj`.`QH` AS `QH`,`kj`.`LRSJ` AS `LRSJ`,`kj`.`FBRQ` AS `stamp`,`dr`.`note` AS `note` from (((((`dr_kjcgryxx_lw` `dr` left join `dc_kjcgryxx_lw` `dc` on((`dc`.`LWBH` = `dr`.`LWBH`))) left join `dr_kjlwslqk` `sl` on((`sl`.`LWBH` = `dr`.`LWBH`))) left join `dr_kjqklwjbsjxx` `qk` on((`qk`.`LWBH` = `dr`.`LWBH`))) left join `dr_kjlwfbxx` `kj` on((`kj`.`LWBH` = `dr`.`LWBH`))) left join `dr_jzgjcsjxx` `jz` on((`jz`.`JZGH` = `dr`.`RYH`))) where (1 = 1);

-- ----------------------------
-- View structure for view_kjcgryxx_zz
-- ----------------------------
DROP VIEW IF EXISTS `view_kjcgryxx_zz`;
CREATE ALGORITHM = UNDEFINED SQL SECURITY DEFINER VIEW `view_kjcgryxx_zz` AS select `dr_kjcgryzz`.`id` AS `id`,`dr_kjcgryzz`.`RYH` AS `JZGH`,`dr_kjcgryzz`.`JSM` AS `JSM`,`dr_kjcgryzz`.`ZXZS` AS `ZXZS`,`dr_kjcgryzz`.`PMZRS` AS `PMZRS`,`dr_kjcgryzz`.`GXL` AS `GXL`,`dr_kjcgryzz`.`XM` AS `XM`,`dr_kjcgryzz`.`SZDW` AS `SZDW`,`dr_kjcgryzz`.`ZZBH` AS `ZZBH`,`dr_kjcgryzz`.`KJCGRYBH` AS `KJCGRYBH`,`dr_kjcgryzz`.`SMSX` AS `SMSX`,`dr_kjcgryzz`.`DWH` AS `DWH`,`dr_kjzz`.`ZZMC` AS `ZZMC`,`dr_kjzz`.`CBRQ` AS `CBRQ`,`dr_kjzz`.`LZLBM` AS `LZLBM`,`dr_kjzz`.`CBS` AS `CBS`,`dr_kjzz`.`CBSJBM` AS `CBSJBM`,`dr_kjzz`.`ZZZS` AS `ZZZS`,`dr_kjzz`.`DWMC` AS `DWMC`,`dr_kjzz`.`CBRQ` AS `stamp`,`dr_kjzz`.`note` AS `note` from (`dr_kjcgryxx_zz` `dr_kjcgryzz` left join `dr_kjzzxx` `dr_kjzz` on((`dr_kjcgryzz`.`ZZBH` = `dr_kjzz`.`ZZBH`))) where (1 = 1);

-- ----------------------------
-- View structure for view_kjzzxx
-- ----------------------------
DROP VIEW IF EXISTS `view_kjzzxx`;
CREATE ALGORITHM = UNDEFINED SQL SECURITY DEFINER VIEW `view_kjzzxx` AS select `dr_kjzz`.`id` AS `id`,`dr_kjzz`.`ZZBH` AS `ZZBH`,`dr_kjzz`.`ZZMC` AS `ZZMC`,`dr_kjzz`.`DWH` AS `DWH`,`dr_kjzz`.`CBRQ` AS `CBRQ`,`dr_kjzz`.`LZLBM` AS `LZLBM`,`dr_kjzz`.`CBS` AS `CBS`,`dr_kjzz`.`CBSJBM` AS `CBSJBM`,`dr_kjzz`.`CBH` AS `CBH`,`dr_kjzz`.`ZZZS` AS `ZZZS`,`dr_kjzz`.`ISBNH` AS `ISBNH`,`dr_kjzz`.`DYZZ` AS `DYZZ`,`dr_kjzz`.`DYZZBH` AS `DYZZBH`,`dr_kjzz`.`DYZZBH` AS `JZGH`,`dr_kjzz`.`DWMC` AS `DWMC`,`dr_kjzz`.`CBRQ` AS `stamp`,`dr_kjzz`.`note` AS `note` from `dr_kjzzxx` `dr_kjzz` where (1 = 1);

-- ----------------------------
-- View structure for view_ksapxx
-- ----------------------------
DROP VIEW IF EXISTS `view_ksapxx`;
CREATE ALGORITHM = UNDEFINED SQL SECURITY DEFINER VIEW `view_ksapxx` AS select `dr`.`id` AS `id`,`dr`.`JKRGH` AS `JZGH`,`dr`.`KSRQ` AS `stamp`,`dr`.`note` AS `note`,`dr`.`KSRQ` AS `KSRQ`,`dr`.`KSSC` AS `KSSC`,`dr`.`KSFSLXM` AS `KSFSLXM`,`dr`.`KCH` AS `KCH`,`dr`.`KSJSH` AS `KSJSH`,`dr`.`JKRXM` AS `JKRXM`,`dr`.`KSRS` AS `KSRS`,`dr`.`SSXY` AS `SSXY`,`jkr`.`DWH` AS `JSSSXY` from ((`dr_ksapxx` `dr` left join `dr_jzgjcsjxx` `jkr` on((`jkr`.`JZGH` = `dr`.`JKRGH`))) left join `dr_pksjxx` `pk` on((`pk`.`KCH` = `dr`.`KCH`))) where (1 = 1);

-- ----------------------------
-- View structure for view_sxxss
-- ----------------------------
DROP VIEW IF EXISTS `view_sxxss`;
CREATE ALGORITHM = UNDEFINED SQL SECURITY DEFINER VIEW `view_sxxss` AS select `pk`.`id` AS `id`,`pk`.`JSGH` AS `JSGH`,`pk`.`JSGH` AS `JZGH`,`pk`.`JSXM` AS `JSXM`,`pk`.`KKXND` AS `KKXND`,`pk`.`KKXQM` AS `KKXQM`,`pk`.`HBS` AS `HBS`,`pk`.`SXZS` AS `SXZS`,`pk`.`ZLXS` AS `ZLXS`,`kc`.`KCH` AS `KCH`,`dr_jzg`.`DWH` AS `DWH`,`xn`.`XQQSSJ` AS `stamp`,`pk`.`note` AS `note` from (((`dr_sspksjxx` `pk` left join `dr_kcsjxx` `kc` on((`kc`.`KCH` = `pk`.`KCH`))) left join `dr_xnxqxx` `xn` on((`xn`.`XQQSSJ` = `pk`.`KKXQM`))) left join `dr_jzgjcsjxx` `dr_jzg` on((`dr_jzg`.`JZGH` = `pk`.`JSGH`))) where (1 = 1);

-- ----------------------------
-- View structure for view_xmjfxx
-- ----------------------------
DROP VIEW IF EXISTS `view_xmjfxx`;
CREATE ALGORITHM = UNDEFINED SQL SECURITY DEFINER VIEW `view_xmjfxx` AS select `dr`.`id` AS `id`,`dr`.`XMBH` AS `XMBH`,`dr`.`XMMC` AS `XMMC`,`dr`.`FZRH` AS `FZRH`,`dr`.`XMJFLYM` AS `XMJFLYM`,`dr`.`BRRQ` AS `BRRQ`,`dr`.`ZCRQ` AS `ZCRQ`,`dr`.`XMSJJK` AS `XMSJJK`,`dr`.`KYXMLX` AS `KYXMLX`,`dr`.`KYJFLX` AS `KYJFLX`,`dr`.`XMPZBH` AS `XMPZBH`,`dr`.`JBRXM` AS `JBRXM`,`dr`.`FZRH` AS `JZGH`,`jz`.`DWH` AS `DWH`,`jz`.`XM` AS `XM`,`dw`.`DWMC` AS `DWMC`,`dr`.`BRRQ` AS `stamp`,`dr`.`note` AS `note` from ((`dr_xmjfxx` `dr` left join `dr_jzgjcsjxx` `jz` on((`jz`.`JZGH` = `dr`.`FZRH`))) left join `dr_zzjgjbsjxx` `dw` on((`dw`.`DWH` = `jz`.`DWH`))) where (1 = 1);

-- ----------------------------
-- View structure for view_xmryxx
-- ----------------------------
DROP VIEW IF EXISTS `view_xmryxx`;
CREATE ALGORITHM = UNDEFINED SQL SECURITY DEFINER VIEW `view_xmryxx` AS select `dr`.`id` AS `id`,`dr`.`RYH` AS `RYH`,`dr`.`RYH` AS `JZGH`,`dr`.`GXL` AS `GXL`,`xm`.`XMSJJK` AS `XMSJJK`,`xm`.`KYXMLX` AS `KYXMLX`,`xm`.`KYJFLX` AS `KYJFLX`,`jz`.`XM` AS `XM`,`jz`.`DWH` AS `DWH`,`jz`.`DWMC` AS `DWMC`,`dr`.`XMBH` AS `XMBH`,`dr`.`XMMC` AS `XMMC`,`dr`.`MNGZYS` AS `MNGZYS`,`dr`.`JSM` AS `JSM`,`dr`.`RYLX` AS `RYLX`,`dr`.`SMSX` AS `SMSX`,`dr`.`XKMLKJM` AS `XKMLKJM`,`dr`.`stamp` AS `stamp`,`dr`.`note` AS `note` from ((`dr_xmryxx` `dr` left join `view_jzgjcsjxx` `jz` on((`jz`.`JZGH` = `dr`.`RYH`))) left join `dr_xmjfxx` `xm` on((`xm`.`XMBH` = `dr`.`XMBH`))) where (1 = 1);

-- ----------------------------
-- View structure for view_xnxqxx
-- ----------------------------
DROP VIEW IF EXISTS `view_xnxqxx`;
CREATE ALGORITHM = UNDEFINED SQL SECURITY DEFINER VIEW `view_xnxqxx` AS select `xn`.`id` AS `id`,`xn`.`JZGH` AS `JZGH`,`xn`.`XQMC` AS `XQMC`,`xn`.`XQQSSJ` AS `XQQSSJ`,`xn`.`XNXQM` AS `XNXQM`,`xn`.`XNDM` AS `XNDM`,`xn`.`XQDM` AS `XQDM`,`xn`.`XNMC` AS `XNMC`,`xn`.`QSSKZ` AS `QSSKZ`,`xn`.`ZZSKZ` AS `ZZSKZ`,`xn`.`XQLXDM` AS `XQLXDM`,`xn`.`XQLXMC` AS `XQLXMC`,`xn`.`SFDQXQ` AS `SFDQXQ`,`dr_jzg`.`DWH` AS `DWH`,`xn`.`XQQSSJ` AS `stamp`,`xn`.`note` AS `note` from (`dr_xnxqxx` `xn` left join `dr_jzgjcsjxx` `dr_jzg` on((`dr_jzg`.`JZGH` = `xn`.`JZGH`))) where (1 = 1);

-- ----------------------------
-- View structure for view_yjsdspygx
-- ----------------------------
DROP VIEW IF EXISTS `view_yjsdspygx`;
CREATE ALGORITHM = UNDEFINED SQL SECURITY DEFINER VIEW `view_yjsdspygx` AS select `dr`.`id` AS `id`,`dr`.`XSXH` AS `XSXH`,`dr`.`XSXM` AS `XSXM`,`dr`.`XSLBM` AS `XSLBM`,`dr`.`PYFSM` AS `PYFSM`,`dr`.`XSDQZTM` AS `XSDQZTM`,`dr`.`JZGH` AS `JZGH`,`dr`.`XM` AS `XM`,`dr`.`DWH` AS `DWH`,`dr`.`SZDW` AS `SZDW`,`dr`.`SFFDS` AS `SFFDS`,`dr`.`FPXS` AS `FPXS`,`dr`.`XXGXRQ` AS `stamp`,`dr`.`note` AS `note` from `dr_yjsdspygx` `dr` where (1 = 1);

-- ----------------------------
-- View structure for view_yjsjxzxs
-- ----------------------------
DROP VIEW IF EXISTS `view_yjsjxzxs`;
CREATE ALGORITHM = UNDEFINED SQL SECURITY DEFINER VIEW `view_yjsjxzxs` AS select `pk`.`id` AS `id`,`pk`.`JSGH` AS `JSGH`,`pk`.`JSGH` AS `JZGH`,`pk`.`JSXM` AS `JSXM`,`pk`.`KKXND` AS `KKXND`,`pk`.`KKXQM` AS `KKXQM`,`kc`.`LLXS` AS `JHXSS`,`pk`.`ZKJHXS` AS `ZKJHXS`,`pk`.`ZLXS` AS `ZLXS`,`pk`.`HBS` AS `HBS`,`pk`.`SKBJH` AS `SKBJH`,`pk`.`WYKCTJM` AS `WYKCTJM`,`pk`.`JXMSJBM` AS `JXMSJBM`,`pk`.`KCJBM` AS `KCJBM`,`kc`.`KCH` AS `KCH`,`dr_jzg`.`DWH` AS `DWH`,`xn`.`XQQSSJ` AS `stamp`,`pk`.`note` AS `note` from (((`dr_yjspksjxx` `pk` left join `dr_kcsjxx` `kc` on((`kc`.`KCH` = `pk`.`KCH`))) left join `dr_xnxqxx` `xn` on((`xn`.`XQQSSJ` = `pk`.`KKXQM`))) left join `dr_jzgjcsjxx` `dr_jzg` on((`dr_jzg`.`JZGH` = `pk`.`JSGH`))) where (1 = 1);

-- ----------------------------
-- View structure for view_zdbylwxss
-- ----------------------------
DROP VIEW IF EXISTS `view_zdbylwxss`;
CREATE ALGORITHM = UNDEFINED SQL SECURITY DEFINER VIEW `view_zdbylwxss` AS select `dr`.`id` AS `id`,`jkr`.`DWH` AS `DWH`,`dr`.`XQ` AS `stamp`,`dr`.`note` AS `note`,`dr`.`XQ` AS `XQ`,`dr`.`JZGH` AS `JZGH`,`dr`.`JSXM` AS `JSXM`,`dr`.`ZDZS` AS `ZDZS`,`dr`.`ZDPTXSS` AS `ZDPTXSS`,`dr`.`ZDSYXSS` AS `ZDSYXSS`,`dr`.`JXMSJBM` AS `JXMSJBM` from (`dr_zdbylwsjxx` `dr` left join `dr_jzgjcsjxx` `jkr` on((`jkr`.`JZGH` = `dr`.`JZGH`))) where (1 = 1);

-- ----------------------------
-- View structure for view_zddxskwkjhd
-- ----------------------------
DROP VIEW IF EXISTS `view_zddxskwkjhd`;
CREATE ALGORITHM = UNDEFINED SQL SECURITY DEFINER VIEW `view_zddxskwkjhd` AS select `dr_kjxm`.`id` AS `id`,`dr_kjxm`.`XMBH` AS `XMBH`,`dr_kjxm`.`XMMC` AS `XMMC`,`dr_kjxm`.`XMZC` AS `XMZC`,`dr_kjxm`.`FZRYH` AS `FZRYH`,`dr_kjxm`.`FZRYH` AS `JZGH`,`dr_kjxm`.`FZRXM` AS `FZRXM`,`dr_kjxm`.`DWH` AS `DWH`,`dr_kjxm`.`DWMC` AS `DWMC`,`dr_kjxm`.`XMJBM` AS `XMJBM`,`dr_kjxm`.`XMRQ` AS `stamp`,`dr_kjxm`.`XMRQ` AS `XMRQ`,`dr_kjxm`.`note` AS `note` from `dr_dxskjxmjbsjxx` `dr_kjxm` where (1 = 1);

-- ----------------------------
-- View structure for view_zdsyxss
-- ----------------------------
DROP VIEW IF EXISTS `view_zdsyxss`;
CREATE ALGORITHM = UNDEFINED SQL SECURITY DEFINER VIEW `view_zdsyxss` AS select `pk`.`id` AS `id`,`pk`.`JSGH` AS `JSGH`,`pk`.`JSGH` AS `JZGH`,`pk`.`JSXM` AS `JSXM`,`pk`.`KKXND` AS `KKXND`,`pk`.`KKXQM` AS `KKXQM`,`kc`.`SYXS` AS `SYXS`,`pk`.`KCJBM` AS `KCJBM`,`pk`.`SYZS` AS `SYZS`,`kc`.`KCH` AS `KCH`,`dr_jzg`.`DWH` AS `DWH`,`xn`.`XQQSSJ` AS `stamp`,`pk`.`note` AS `note` from (((`dr_sypksjxx` `pk` left join `dr_kcsjxx` `kc` on((`kc`.`KCH` = `pk`.`KCH`))) left join `dr_xnxqxx` `xn` on((`xn`.`XQQSSJ` = `pk`.`KKXQM`))) left join `dr_jzgjcsjxx` `dr_jzg` on((`dr_jzg`.`JZGH` = `pk`.`JSGH`))) where (1 = 1);

-- ----------------------------
-- View structure for view_zdyxlwj
-- ----------------------------
DROP VIEW IF EXISTS `view_zdyxlwj`;
CREATE ALGORITHM = UNDEFINED SQL SECURITY DEFINER VIEW `view_zdyxlwj` AS select `dr_lwxx`.`id` AS `id`,`dr_lwxx`.`LWBH` AS `LWBH`,`dr_lwxx`.`LWTM` AS `LWTM`,`dr_lwxx`.`LWLX` AS `LWLX`,`dr_lwxx`.`ZDRXM` AS `ZDRXM`,`dr_lwxx`.`ZDRH` AS `ZDRH`,`dr_lwxx`.`ZDRH` AS `JZGH`,`dr_lwxx`.`DWMC` AS `DWMC`,`dr_lwxx`.`DWH` AS `DWH`,`dr_lwxx`.`LWHJJBM` AS `LWHJJBM`,`dr_lwxx`.`LWZZRQ` AS `LWZZRQ`,`dr_lwxx`.`LWZZRQ` AS `stamp`,`dr_lwxx`.`note` AS `note` from (`dr_xwlwxx` `dr_lwxx` left join `dc_xwlwxx` `dc_lwxx` on((`dc_lwxx`.`LWBH` = `dr_lwxx`.`LWBH`))) where (1 = 1);

-- ----------------------------
-- View structure for view_zlcgjbsjxx
-- ----------------------------
DROP VIEW IF EXISTS `view_zlcgjbsjxx`;
CREATE ALGORITHM = UNDEFINED SQL SECURITY DEFINER VIEW `view_zlcgjbsjxx` AS select `dr_zl`.`id` AS `id`,`dr_zl`.`ZLCGBH` AS `ZLCGBH`,`dr_zl`.`ZLCGMC` AS `ZLCGMC`,`dr_zl`.`DWH` AS `DWH`,`dr_zl`.`SQBH` AS `SQBH`,`dr_zl`.`XKLYM` AS `XKLYM`,`dr_zl`.`ZLLXM` AS `ZLLXM`,`dr_zl`.`PZRQ` AS `PZRQ`,`dr_zl`.`PZXSM` AS `PZXSM`,`dr_zl`.`ZLZSBH` AS `ZLZSBH`,`dr_zl`.`FLZTM` AS `FLZTM`,`dr_zl`.`JNZLNFRQ` AS `JNZLNFRQ`,`dr_zl`.`JNJE` AS `JNJE`,`dr_zl`.`SSXMBH` AS `SSXMBH`,`dr_zl`.`GJDQM` AS `GJDQM`,`dr_zl`.`GJZLZFLH` AS `GJZLZFLH`,`dr_zl`.`PCTHZLGJDQM` AS `PCTHZLGJDQM`,`dr_zl`.`SQGGH` AS `SQGGH`,`dr_zl`.`SQGGRQ` AS `SQGGRQ`,`dr_zl`.`SQMC` AS `SQMC`,`dr_zl`.`ZLDLJG` AS `ZLDLJG`,`dr_zl`.`ZLDLR` AS `ZLDLR`,`dr_zl`.`ZLQR` AS `ZLQR`,`dr_zl`.`ZLZZRQ` AS `ZLZZRQ`,`dr_zl`.`XKMLKJM` AS `XKMLKJM`,`dr_zl`.`ZLSQRQ` AS `ZLSQRQ`,`dr_zl`.`ZZM` AS `ZZM`,`dr_zl`.`ZZBH` AS `ZZBH`,`dr_zl`.`PZRQ` AS `stamp`,`dr_zl`.`note` AS `note` from (`dr_zlcgjbsjxx` `dr_zl` left join `dc_zlcgjbsjxx` `dc_zl` on((`dr_zl`.`ZLCGBH` = `dc_zl`.`ZLCGBH`))) where (1 = 1);

-- ----------------------------
-- View structure for view_zzjgjbsjxx
-- ----------------------------
DROP VIEW IF EXISTS `view_zzjgjbsjxx`;
CREATE ALGORITHM = UNDEFINED SQL SECURITY DEFINER VIEW `view_zzjgjbsjxx` AS select `dr`.`id` AS `id`,`dr`.`DWH` AS `DWH`,`dr`.`DWMC` AS `DWMC`,`dr`.`DWYWMC` AS `DWYWMC`,`dr`.`DWJC` AS `DWJC`,`dr`.`DWYWJC` AS `DWYWJC`,`dr`.`DWJP` AS `DWJP`,`dr`.`DWDZ` AS `DWDZ`,`dr`.`SZXQ` AS `SZXQ`,`dr`.`LSDWH` AS `LSDWH`,`dr`.`DWLBM` AS `DWLBM`,`dr`.`DWBBM` AS `DWBBM`,`dr`.`DWYXBS` AS `DWYXBS`,`dr`.`SXRQ` AS `SXRQ`,`dr`.`SFST` AS `SFST`,`dr`.`JLNY` AS `JLNY`,`dr`.`DWFZRH` AS `DWFZRH`,`dr`.`stamp` AS `stamp`,`dr`.`note` AS `note` from (`dr_zzjgjbsjxx` `dr` left join `dc_zzjgjbsjxx` `dc` on((`dc`.`DWH` = `dr`.`DWH`))) where (1 = 1);

-- ----------------------------
-- View structure for view_jxcgjlsb
-- ----------------------------
DROP VIEW IF EXISTS `view_jxcgjlsb`;
CREATE ALGORITHM = UNDEFINED SQL SECURITY DEFINER VIEW `view_jxcgjlsb` AS select `dr`.`id` AS `id`,`dr`.`SBRH` AS `SBRH`,`dr`.`SBRH` AS `JZGH`,`dr`.`JXCGBH` AS `JXCGBH`,`dr`.`JXCGLB` AS `JXCGLB`,`jz`.`XM` AS `XM`,`jz`.`DWH` AS `DWH`,`jz`.`DWMC` AS `DWMC`,`dr`.`stamp` AS `stamp`,`dr`.`note` AS `note` from (`dr_jxcgjlsb` `dr` left join `view_jzgjcsjxx` `jz` on((`jz`.`JZGH` = `dr`.`SBRH`))) where (1 = 1);

-- ----------------------------
-- View structure for view_sysuser
-- ----------------------------
DROP VIEW IF EXISTS `view_sysuser`;
CREATE ALGORITHM = UNDEFINED SQL SECURITY DEFINER VIEW `view_sysuser` AS select `su`.`id` AS `id`,`su`.`payroll` AS `payroll`,`su`.`password` AS `password`,`su`.`time_pwd` AS `time_pwd`,`su`.`role_id` AS `role_id`,`su`.`usertype_id` AS `usertype_id`,`ro`.`role_name` AS `role_name`,`jg`.`JZGH` AS `JZGH`,`jg`.`XM` AS `XM`,`jg`.`DWH` AS `DWH`,`zz`.`DWMC` AS `DWMC` from (((`jx_sysuser` `su` left join `jx_role` `ro` on((`ro`.`id` = `su`.`role_id`))) left join `view_jzgjcsjxx` `jg` on((`jg`.`JZGH` = `su`.`payroll`))) left join `view_zzjgjbsjxx` `zz` on((`zz`.`DWH` = `jg`.`DWH`)));

SET FOREIGN_KEY_CHECKS = 1;
